-- phpMyAdmin SQL Dump
-- version 5.2.1
-- https://www.phpmyadmin.net/
--
-- Hôte : 127.0.0.1
-- Généré le : jeu. 09 jan. 2025 à 22:28
-- Version du serveur : 10.4.32-MariaDB
-- Version de PHP : 8.2.12

SET SQL_MODE = "NO_AUTO_VALUE_ON_ZERO";
START TRANSACTION;
SET time_zone = "+00:00";


/*!40101 SET @OLD_CHARACTER_SET_CLIENT=@@CHARACTER_SET_CLIENT */;
/*!40101 SET @OLD_CHARACTER_SET_RESULTS=@@CHARACTER_SET_RESULTS */;
/*!40101 SET @OLD_COLLATION_CONNECTION=@@COLLATION_CONNECTION */;
/*!40101 SET NAMES utf8mb4 */;

--
-- Base de données : `bi_project_final`
--

-- --------------------------------------------------------

--
-- Structure de la table `annee`
--

CREATE TABLE `annee` (
  `id_a` int(11) NOT NULL,
  `annee` int(11) DEFAULT NULL
) ENGINE=InnoDB DEFAULT CHARSET=utf8mb4 COLLATE=utf8mb4_general_ci;

--
-- Déchargement des données de la table `annee`
--

INSERT INTO `annee` (`id_a`, `annee`) VALUES
(0, 1960),
(1, 1961),
(2, 1962),
(3, 1963),
(4, 1964),
(5, 1965),
(6, 1966),
(7, 1967),
(8, 1968),
(9, 1969),
(10, 1970),
(11, 1971),
(12, 1972),
(13, 1973),
(14, 1974),
(15, 1975),
(16, 1976),
(17, 1977),
(18, 1978),
(19, 1979),
(20, 1980),
(21, 1981),
(22, 1982),
(23, 1983),
(24, 1984),
(25, 1985),
(26, 1986),
(27, 1987),
(28, 1988),
(29, 1989),
(30, 1990),
(31, 1991),
(32, 1992),
(33, 1993),
(34, 1994),
(35, 1995),
(36, 1996),
(37, 1997),
(38, 1998),
(39, 1999),
(40, 2000),
(41, 2001),
(42, 2002),
(43, 2003),
(44, 2004),
(45, 2005),
(46, 2006),
(47, 2007),
(48, 2008),
(49, 2009),
(50, 2010),
(51, 2011),
(52, 2012),
(53, 2013),
(54, 2014),
(55, 2015),
(56, 2016),
(57, 2017),
(58, 2018),
(59, 2019),
(60, 2020),
(61, 2021),
(62, 2022),
(63, 2023),
(64, 2024);

-- --------------------------------------------------------

--
-- Structure de la table `capacites_hespo`
--

CREATE TABLE `capacites_hespo` (
  `id_cap` int(11) NOT NULL,
  `val` float DEFAULT NULL,
  `id_a` int(11) DEFAULT NULL
) ENGINE=InnoDB DEFAULT CHARSET=utf8mb4 COLLATE=utf8mb4_general_ci;

--
-- Déchargement des données de la table `capacites_hespo`
--

INSERT INTO `capacites_hespo` (`id_cap`, `val`, `id_a`) VALUES
(53, 22570, 10),
(54, 22727, 11),
(55, 22858, 12),
(56, 22766, 13),
(57, 23041, 14),
(58, 23143, 15),
(59, 23123, 16),
(60, 23669, 17),
(61, 23948, 18),
(62, 24453, 19),
(63, 25301, 20),
(64, 24341, 21),
(65, 24913, 22),
(66, 25793, 23),
(67, 26538, 24),
(68, 26084, 25),
(69, 25179, 26),
(70, 25254, 27),
(71, 26066, 28),
(72, 26174, 29),
(73, 26673, 30),
(74, 26505, 31),
(75, 26048, 32),
(76, 26273, 33),
(77, 26407, 34),
(78, 26404, 35),
(79, 26451, 36),
(80, 25778, 37),
(81, 25676, 38),
(82, 26265, 39),
(83, 25106, 40),
(84, 25571, 41),
(85, 25901, 42),
(86, 26257, 43),
(87, 26136, 44),
(88, 26256, 45),
(89, 26620, 46),
(90, 27347, 48),
(91, 27347, 49),
(92, 27326, 50),
(93, 27326, 51),
(94, 27747, 52),
(95, 27747, 53),
(96, 25384, 55),
(97, 25384, 56),
(98, 25385, 57),
(99, 26926, 58),
(100, 26711, 59),
(101, 27401, 60),
(102, NULL, 61),
(103, NULL, 62),
(104, NULL, 63),
(105, 22570, 10),
(106, 22727, 11),
(107, 22858, 12),
(108, 22766, 13),
(109, 23041, 14),
(110, 23143, 15),
(111, 23123, 16),
(112, 23669, 17),
(113, 23948, 18),
(114, 24453, 19),
(115, 25301, 20),
(116, 24341, 21),
(117, 24913, 22),
(118, 25793, 23),
(119, 26538, 24),
(120, 26084, 25),
(121, 25179, 26),
(122, 25254, 27),
(123, 26066, 28),
(124, 26174, 29),
(125, 26673, 30),
(126, 26505, 31),
(127, 26048, 32),
(128, 26273, 33),
(129, 26407, 34),
(130, 26404, 35),
(131, 26451, 36),
(132, 25778, 37),
(133, 25676, 38),
(134, 26265, 39),
(135, 25106, 40),
(136, 25571, 41),
(137, 25901, 42),
(138, 26257, 43),
(139, 26136, 44),
(140, 26256, 45),
(141, 26620, 46),
(142, 27347, 48),
(143, 27347, 49),
(144, 27326, 50),
(145, 27326, 51),
(146, 27747, 52),
(147, 27747, 53),
(148, 25384, 55),
(149, 25384, 56),
(150, 25385, 57),
(151, 26926, 58),
(152, 26711, 59),
(153, 27401, 60),
(154, NULL, 61),
(155, NULL, 62),
(156, NULL, 63);

-- --------------------------------------------------------

--
-- Structure de la table `demography`
--

CREATE TABLE `demography` (
  `id_d` int(11) NOT NULL,
  `nbr_population` float NOT NULL,
  `taux_inf_6` float NOT NULL,
  `tauxentre6_14` float NOT NULL,
  `tauxentre15_59` float NOT NULL,
  `taux_sup60` float NOT NULL,
  `id_g` int(11) NOT NULL,
  `id_m` int(11) NOT NULL,
  `id_a` int(11) NOT NULL,
  `taux_celibataire` float NOT NULL,
  `taux_marie` float NOT NULL,
  `taux_divorce` float NOT NULL,
  `nbr_age_mariage` float NOT NULL,
  `taux_parite` float NOT NULL,
  `fecondite` float NOT NULL,
  `taux_handicap` float NOT NULL,
  `taux_veuf` float NOT NULL
) ENGINE=InnoDB DEFAULT CHARSET=utf8mb4 COLLATE=utf8mb4_general_ci;

--
-- Déchargement des données de la table `demography`
--

INSERT INTO `demography` (`id_d`, `nbr_population`, `taux_inf_6`, `tauxentre6_14`, `tauxentre15_59`, `taux_sup60`, `id_g`, `id_m`, `id_a`, `taux_celibataire`, `taux_marie`, `taux_divorce`, `nbr_age_mariage`, `taux_parite`, `fecondite`, `taux_handicap`, `taux_veuf`) VALUES
(3, 255911, 9.8, 13.5, 64.8, 11.9, 1, 1, 54, 46.7, 42.2, 2.9, 26.9, 2.7, 2, 6.1, 8.1),
(4, 248984, 10.6, 14.3, 64.1, 11, 2, 1, 54, 57, 41.6, 0.8, 33.3, 0, 0, 6, 0.6),
(5, 31262, 13.3, 17, 61.9, 7.9, 1, 10, 54, 49, 41.3, 2.3, 24.7, 3.9, 2.4, 4.8, 7.4),
(6, 30956, 13.7, 17.6, 60.6, 8.1, 2, 10, 54, 58.3, 40.8, 0.5, 30.3, 0, 0, 4.8, 0.5),
(7, 35092, 12, 16.9, 61.5, 9.6, 1, 100, 54, 44.9, 45.8, 2.6, 23.7, 3.9, 2.1, 5.7, 6.7),
(8, 35537, 12.2, 17.4, 60.4, 10, 2, 100, 54, 54.5, 44, 0.9, 28.8, 0, 0, 5.7, 0.7),
(9, 72705, 14, 18.8, 59.5, 7.7, 1, 101, 54, 52.4, 42.1, 0.9, 25.5, 4.8, 2.6, 4.3, 4.5),
(10, 76223, 14.2, 18.7, 59.1, 8, 2, 101, 54, 59.5, 39.7, 0.3, 29.4, 0, 0, 4.5, 0.5),
(11, 64809, 12.8, 16.7, 58.5, 11.9, 2, 102, 54, 55.5, 42.9, 0.7, 30.7, 0, 0, 7, 0.9),
(12, 66052, 12, 15.9, 60.3, 11.9, 1, 102, 54, 46.1, 44.6, 2, 24.1, 3.4, 2.5, 6.6, 7.2),
(13, 66235, 13, 17.7, 58.7, 10.5, 1, 103, 54, 46.9, 43.3, 2.3, 23.8, 4.4, 2.5, 6.5, 7.4),
(14, 65653, 13.5, 18.9, 57.4, 10.2, 2, 103, 54, 57.9, 40.8, 0.5, 29.1, 0, 0, 6.2, 0.7),
(15, 288341, 13.1, 19.7, 57.2, 10, 2, 104, 54, 60.1, 39, 0.3, 30.6, 0, 0, 6.2, 0.6),
(16, 287615, 12.6, 19, 58.3, 10.2, 1, 104, 54, 52.9, 40.1, 0.7, 26.8, 5, 2.3, 5.8, 6.2),
(17, 160790, 11.6, 16.5, 61, 10.9, 1, 105, 54, 50.3, 42, 0.9, 27.2, 4.5, 2.3, 6, 6.7),
(18, 159645, 12.5, 17.5, 59.7, 10.3, 2, 105, 54, 59, 40.1, 0.3, 31.3, 0, 0, 6.7, 0.6),
(19, 25355, 10.8, 14.4, 61.2, 13.5, 1, 106, 54, 48.6, 39.9, 2.2, 28.6, 3.9, 2.2, 6.1, 9.3),
(20, 22747, 12.4, 16.5, 57.7, 13.4, 2, 106, 54, 59.5, 39.3, 0.5, 33.1, 0, 0, 7.3, 0.7),
(21, 4231, 14.1, 18.7, 59.3, 7.9, 2, 107, 54, 68.6, 30.9, 0.3, 34.2, 0, 0, 4.1, 0.2),
(22, 4132, 12.7, 18.1, 62.4, 6.8, 1, 107, 54, 59.6, 34.5, 1.9, 29, 5.2, 2.6, 3.8, 4),
(23, 1822, 10.3, 14.2, 65, 10.5, 2, 108, 54, 65.5, 33.2, 0.8, 36.8, 0, 0, 3.1, 0.4),
(24, 1684, 10.8, 13.8, 66, 9.3, 1, 108, 54, 58.5, 32.5, 3.2, 33.2, 3.9, 2.3, 3.2, 5.8),
(25, 38873, 12.5, 18.1, 54.9, 14.5, 2, 109, 54, 57.3, 41.4, 0.4, 31.8, 0, 0, 5.2, 0.9),
(26, 45226, 10.4, 15, 61, 13.6, 1, 109, 54, 49.5, 41.1, 1.1, 28.7, 4.8, 2, 4.7, 8.2),
(27, 42030, 13, 17.3, 61.1, 8.7, 2, 11, 54, 56.5, 42.5, 0.5, 30.5, 0, 0, 4.5, 0.5),
(28, 42175, 12.8, 16.6, 62.6, 8, 1, 11, 54, 47.8, 43.8, 1.9, 24.2, 3.3, 2.4, 4.4, 6.5),
(29, 31025, 12.1, 16.5, 61.4, 10, 2, 110, 54, 61, 37.6, 0.5, 33.2, 0, 0, 6, 0.9),
(30, 28592, 12.5, 17.1, 60.4, 10.1, 1, 110, 54, 51.8, 40.7, 0.8, 26.6, 4.6, 2.5, 5.8, 6.7),
(31, 5803, 11.2, 16.7, 62.2, 9.9, 2, 111, 54, 59.9, 38.8, 0.3, 31.9, 0, 0, 6.5, 0.9),
(32, 5564, 10.7, 17.4, 63.6, 8.4, 1, 111, 54, 53, 40.5, 1, 27.8, 3.9, 1.8, 4.8, 5.6),
(33, 74169, 12.9, 19, 59.6, 8.5, 1, 112, 54, 55.8, 38.4, 0.6, 27.6, 5.8, 2.5, 5, 5.3),
(34, 78159, 12.8, 18.5, 59.3, 9.4, 2, 112, 54, 62.5, 36.3, 0.3, 31.2, 0, 0, 5.6, 0.9),
(35, 38911, 12.5, 17.4, 60.8, 9.2, 2, 113, 54, 60.9, 38, 0.3, 31.1, 0, 0, 5.9, 0.8),
(36, 36574, 13, 17.7, 60.9, 8.4, 1, 113, 54, 54.1, 40.1, 0.6, 26.9, 5.2, 2.5, 5.4, 5.2),
(37, 118721, 13.3, 18.3, 60.2, 8.3, 2, 114, 54, 60.6, 38.3, 0.4, 29.8, 0, 0, 5.3, 0.7),
(38, 111534, 13.2, 18.5, 59.8, 8.5, 1, 114, 54, 51.3, 41.7, 1.1, 25.3, 5.7, 2.5, 4.9, 5.9),
(39, 130653, 12.5, 17, 62.8, 7.7, 2, 115, 54, 64.5, 34.6, 0.3, 32.7, 0, 0, 6.2, 0.5),
(40, 131215, 12, 16.6, 63.2, 8.1, 1, 115, 54, 58.1, 35.7, 0.6, 29.9, 4.7, 2.3, 5.5, 5.5),
(41, 192709, 13.9, 20.2, 59.5, 6.4, 1, 116, 54, 58.5, 37, 0.5, 27.1, 7.2, 2.6, 4.1, 4.1),
(42, 206782, 13.6, 19.8, 60.1, 6.5, 2, 116, 54, 65.1, 34.2, 0.2, 30.1, 0, 0, 4.5, 0.5),
(43, 113924, 11.3, 18.4, 59, 11.3, 1, 117, 54, 48.8, 42.4, 1.3, 25.5, 5, 2.1, 7, 7.5),
(44, 115011, 11.6, 18.8, 59, 10.6, 2, 117, 54, 59.1, 39.8, 0.4, 30.5, 0, 0, 7, 0.7),
(45, 46560, 11.3, 16.3, 60.6, 11.7, 1, 118, 54, 48.2, 43.2, 0.9, 26.3, 4.4, 2.3, 7.3, 7.7),
(46, 45680, 11.9, 17.3, 58.9, 11.9, 2, 118, 54, 56.9, 42.2, 0.3, 31.1, 0, 0, 7.9, 0.6),
(47, 13687, 12, 16.1, 63.1, 8.8, 1, 119, 54, 47.8, 43.3, 2.2, 25.6, 3.5, 2, 4.7, 6.7),
(48, 13631, 12.5, 16.8, 62.3, 8.4, 2, 119, 54, 56.6, 42.3, 0.5, 31, 0, 0, 5.2, 0.6),
(49, 77750, 12.6, 16.3, 63.5, 7.7, 1, 12, 54, 47, 43.2, 2.9, 24, 3.6, 2.1, 4.6, 7),
(50, 74899, 13.8, 17.7, 60.3, 8.2, 2, 12, 54, 58.2, 40.8, 0.6, 30.5, 0, 0, 4.5, 0.4),
(51, 129939, 11.8, 15.5, 61.9, 10.8, 1, 120, 54, 47.4, 42.9, 1.6, 26.5, 3.7, 2.1, 5.5, 8.1),
(52, 126399, 12.7, 16.5, 60.2, 10.6, 2, 120, 54, 56.5, 42.5, 0.4, 31, 0, 0, 6, 0.6),
(53, 278132, 13.4, 18.9, 55.6, 12.1, 2, 121, 54, 55.3, 43.6, 0.3, 29.7, 0, 0, 6.5, 0.8),
(54, 309057, 11.6, 16.7, 60.6, 11.1, 1, 121, 54, 49.4, 42.7, 1, 26.9, 4.2, 2.4, 5.3, 6.9),
(55, 55946, 10.8, 16.7, 53.7, 18.8, 2, 122, 54, 52.3, 46.3, 0.4, 32, 0, 0, 10.2, 1),
(56, 68836, 8.6, 13, 60.4, 18, 1, 122, 54, 44.2, 42.9, 1.3, 29.2, 3.6, 1.7, 8.6, 11.6),
(57, 32467, 14.4, 20.7, 50.3, 14.5, 2, 123, 54, 61.5, 37.6, 0.2, 31.3, 0, 0, 10.3, 0.7),
(58, 44374, 10, 15, 61.5, 13.4, 1, 123, 54, 53.3, 35.7, 1.9, 30.7, 4.3, 2.2, 8, 9.1),
(59, 56885, 13.8, 16, 63.2, 7, 1, 125, 54, 46.6, 44.6, 2.7, 22.8, 3.3, 2.5, 4.6, 6.1),
(60, 58643, 14.5, 16.6, 62.5, 6.3, 2, 125, 54, 56.4, 42.5, 0.7, 29, 0, 0, 4.7, 0.4),
(61, 244573, 13.9, 19, 58.5, 8.5, 2, 126, 54, 58.9, 39.9, 0.4, 29.5, 0, 0, 4.5, 0.7),
(62, 229868, 14.1, 19.1, 57.5, 9.3, 1, 126, 54, 48.2, 43.1, 1.4, 23.1, 4.6, 2.7, 4.6, 7.3),
(63, 27625, 14.3, 17.4, 62.1, 6.1, 2, 127, 54, 56.9, 42.2, 0.5, 29.4, 0, 0, 4.5, 0.4),
(64, 26362, 14.4, 16.6, 61.9, 7, 1, 127, 54, 48, 44.1, 1.8, 23.2, 3.3, 2.7, 4.9, 6.1),
(65, 25320, 14.4, 16.4, 62.3, 6.9, 1, 128, 54, 48.2, 44.1, 1.8, 23.3, 3.5, 2.5, 5, 5.9),
(66, 26699, 14.2, 16.8, 62.8, 6.2, 2, 128, 54, 57.2, 41.9, 0.6, 29.3, 0, 0, 6, 0.3),
(67, 56041, 12.8, 16.5, 59.4, 11.3, 1, 129, 54, 44.9, 46, 1.2, 23.2, 4, 2.3, 5.6, 7.8),
(68, 59976, 12.6, 16.5, 61, 9.9, 2, 129, 54, 56.7, 42.2, 0.5, 30.6, 0, 0, 5.5, 0.6),
(69, 52221, 11.7, 15.7, 62.9, 9.6, 2, 13, 54, 56.2, 42.2, 0.9, 31.5, 0, 0, 4.9, 0.7),
(70, 53375, 10.8, 15.2, 64.2, 9.8, 1, 13, 54, 46.6, 41.9, 3, 25.4, 2.9, 2.1, 5.5, 8.4),
(71, 100786, 14.1, 17.6, 58.9, 9.4, 1, 130, 54, 47.5, 44.4, 1.2, 23.1, 4, 2.6, 4.7, 6.9),
(72, 109459, 13.6, 17.5, 60.4, 8.5, 2, 130, 54, 58.5, 40.5, 0.5, 30.5, 0, 0, 4.9, 0.6),
(73, 213763, 13.9, 18, 58.4, 9.6, 2, 131, 54, 58.7, 40.3, 0.4, 30.1, 0, 0, 4.5, 0.6),
(74, 201532, 14.2, 18, 57, 10.9, 1, 131, 54, 46.9, 44.8, 1, 22.9, 4.4, 2.8, 4.5, 7.3),
(75, 186477, 13.2, 18.9, 57.7, 10.2, 2, 132, 54, 59.4, 39.5, 0.4, 30.5, 0, 0, 5.2, 0.7),
(76, 180289, 13, 18.8, 57.1, 11.2, 1, 132, 54, 48.5, 41.8, 1.6, 23.8, 4.6, 2.5, 5.3, 8.1),
(77, 469, 14.1, 13.2, 69.9, 2.8, 1, 133, 54, 51.2, 43.7, 3.8, 24.6, 2.5, 3.3, 1.5, 1.3),
(78, 9058, 0.9, 0.6, 97.5, 0.9, 2, 133, 54, 53.2, 45.5, 1.1, 33.3, 0, 0, 0.7, 0.2),
(79, 560, 14.3, 16.3, 64.6, 4.8, 1, 134, 54, 46.3, 47, 3, 24.7, 2.7, 2.8, 2.9, 3.8),
(80, 1836, 4.6, 5.1, 87.1, 3.2, 2, 134, 54, 52.9, 45.9, 1.1, 32.4, 0, 0, 2.4, 0.1),
(81, 110295, 13.4, 17.4, 58.7, 10.6, 2, 135, 54, 56.7, 41.8, 0.8, 30.1, 0, 0, 6.2, 0.6),
(82, 112919, 12.4, 16.3, 61.1, 10.1, 1, 135, 54, 43.5, 45.3, 3.1, 22.9, 3.9, 2.3, 5.6, 8.1),
(83, 223932, 14.4, 19.3, 56.8, 9.4, 1, 136, 54, 47.8, 43.2, 1.7, 22.5, 5, 2.9, 5.2, 7.4),
(84, 228763, 14.9, 19.8, 55.6, 9.6, 2, 136, 54, 59.4, 39.4, 0.4, 29, 0, 0, 5.5, 0.7),
(85, 149957, 13.8, 15.2, 61.1, 9.9, 1, 137, 54, 43.2, 47.2, 1.9, 22.5, 3.8, 2.5, 5.3, 7.7),
(86, 146680, 15, 16.6, 59.3, 9.2, 2, 137, 54, 57.9, 41.2, 0.5, 30.4, 0, 0, 5.5, 0.4),
(87, 69299, 11, 16.8, 61.3, 11, 1, 138, 54, 42.5, 48.1, 1.9, 23.2, 4.5, 2, 6.3, 7.5),
(88, 73271, 11.3, 16.7, 60.2, 11.9, 2, 138, 54, 54.7, 43.7, 0.8, 29.6, 0, 0, 6.4, 0.7),
(89, 82991, 13.6, 17.7, 58.5, 10.3, 2, 139, 54, 57.6, 41.4, 0.5, 29.8, 0, 0, 4.9, 0.5),
(90, 80422, 13.2, 17.1, 58.1, 11.6, 1, 139, 54, 45.1, 45.8, 1.3, 22.9, 4.2, 2.6, 5, 7.8),
(91, 51113, 12.9, 16.2, 64.1, 6.8, 1, 14, 54, 48.1, 43.3, 2, 24.5, 3.7, 2.5, 4.6, 6.5),
(92, 51950, 13.5, 17.1, 62.5, 6.9, 2, 14, 54, 57.2, 41.9, 0.5, 30, 0, 0, 4, 0.4),
(93, 31738, 14.4, 18.4, 60.4, 6.8, 1, 141, 54, 50.5, 43.4, 1.3, 24, 4.4, 2.6, 3.9, 4.7),
(94, 33781, 14.5, 18.3, 60.6, 6.6, 2, 141, 54, 59.3, 39.9, 0.4, 29.4, 0, 0, 4.3, 0.4),
(95, 28831, 13.2, 16.8, 62.8, 7.2, 2, 142, 54, 56.7, 42.2, 0.7, 29.7, 0, 0, 3.9, 0.4),
(96, 27949, 13.3, 16.7, 62.1, 8, 1, 142, 54, 48, 44.2, 1.6, 24.2, 3.8, 2.5, 3.9, 6.1),
(97, 232143, 14.7, 19.4, 59.4, 6.5, 2, 143, 54, 60, 39.2, 0.5, 28.6, 0, 0, 4, 0.4),
(98, 222103, 14.8, 19.5, 59, 6.7, 1, 143, 54, 50.3, 42.4, 1.9, 23.5, 5.1, 2.7, 3.6, 5.4),
(99, 131195, 12.5, 17, 58.9, 11.6, 2, 144, 54, 57.2, 41.3, 0.7, 31.2, 0, 0, 5.9, 0.8),
(100, 128962, 12.1, 16.4, 58.7, 12.8, 1, 144, 54, 45, 44.6, 1.9, 23.8, 3.8, 2.2, 6.1, 8.6),
(101, 172533, 13.7, 18.3, 59.3, 8.8, 1, 145, 54, 48.9, 43.1, 1.6, 24.4, 4.6, 2.5, 5.1, 6.3),
(102, 181103, 13.7, 18.1, 59.9, 8.2, 2, 145, 54, 58.9, 40, 0.5, 30.1, 0, 0, 5.4, 0.7),
(103, 93207, 14.4, 17.8, 59.9, 7.9, 1, 146, 54, 49.8, 42, 2, 24.1, 4.2, 2.4, 4.6, 6.1),
(104, 96085, 14.7, 18.1, 60.2, 7, 2, 146, 54, 60.1, 38.7, 0.5, 29.9, 0, 0, 4.6, 0.6),
(105, 1031, 16.8, 11.7, 61.5, 10, 1, 147, 54, 48, 43.1, 3, 25.6, 2.3, 4.3, 4.1, 5.9),
(106, 1406, 13, 10, 70.1, 6.9, 2, 147, 54, 56.3, 41.2, 2.3, 32.8, 0, 0, 2.3, 0.1),
(107, 1573, 3.3, 2.5, 88.6, 5.6, 2, 148, 54, 45.7, 53.1, 1, 31.3, 0, 0, 1.6, 0.1),
(108, 363, 8.5, 10.5, 64.5, 16.5, 1, 148, 54, 51, 36.9, 3.3, 33.1, 3.9, 1.7, 3.6, 8.8),
(109, 2777, 11.5, 12.4, 67.9, 8.2, 2, 149, 54, 58.1, 40.3, 1.3, 33.6, 0, 0, 4.1, 0.4),
(110, 2265, 12.2, 14.4, 63.8, 9.5, 1, 149, 54, 48.3, 41.5, 3.1, 26.6, 3.2, 2.5, 4.8, 7),
(111, 170157, 10.7, 15.5, 63.7, 10.2, 2, 15, 54, 57.5, 40.8, 1, 32.8, 0, 0, 5.5, 0.7),
(112, 175733, 10, 14.4, 64.8, 10.8, 1, 15, 54, 46.8, 40.7, 3.5, 26.5, 2.8, 1.8, 6.2, 9),
(113, 465, 9.5, 14.6, 64.3, 11.6, 2, 150, 54, 58.3, 40.4, 0.9, 33.8, 0, 0, 4.3, 0.4),
(114, 383, 13.1, 15.7, 59.3, 12, 1, 150, 54, 50.1, 34.5, 5, 29.1, 1.8, 5, 5.7, 10.4),
(115, 51184, 11.2, 14.7, 64.4, 9.7, 1, 16, 54, 47.7, 41.2, 3.1, 26.3, 3.3, 2.3, 5.5, 8),
(116, 49699, 12.2, 15.5, 62.3, 10.1, 2, 16, 54, 57.9, 40.7, 0.8, 32.1, 0, 0, 5.2, 0.6),
(117, 94466, 13.4, 18, 60.4, 8.2, 2, 17, 54, 58.2, 40.9, 0.5, 30.8, 0, 0, 3.8, 0.4),
(118, 97455, 12.7, 16.5, 62.8, 8, 1, 17, 54, 48.1, 42.1, 3.3, 25.1, 3.7, 2.3, 3.6, 6.5),
(119, 55458, 13.4, 17.5, 61.7, 7.3, 2, 18, 54, 59, 40.3, 0.4, 31.3, 0, 0, 4.2, 0.3),
(120, 56634, 12.6, 16.4, 64.2, 6.8, 1, 18, 54, 51.8, 40.7, 2.3, 26.5, 3.6, 2.6, 4.4, 5.2),
(121, 65341, 11.3, 15.3, 64.3, 9.1, 1, 19, 54, 45.2, 41.5, 5.5, 25, 3.3, 2.2, 5.3, 7.9),
(122, 60432, 12.5, 17.1, 60.6, 9.8, 2, 19, 54, 56.3, 42.1, 1, 30.9, 0, 0, 5.1, 0.5),
(123, 196508, 11.2, 14.4, 65.6, 8.8, 2, 2, 54, 59.2, 39.8, 0.6, 33.1, 0, 0, 5.6, 0.4),
(124, 192900, 10.7, 14.1, 65.2, 10.1, 1, 2, 54, 48.5, 41.4, 2.3, 26.6, 3, 2.1, 5.6, 7.8),
(125, 37783, 12.6, 15.1, 63.9, 8.4, 1, 20, 54, 49, 40.2, 3.9, 26.3, 4.4, 2.3, 3.6, 6.8),
(126, 37224, 12.9, 15.8, 63.2, 8.1, 2, 20, 54, 60.4, 38.7, 0.5, 31.7, 0, 0, 4.2, 0.3),
(127, 24885, 14.6, 18.9, 59, 7.5, 2, 21, 54, 63.3, 36.1, 0.3, 30.8, 0, 0, 4.4, 0.3),
(128, 25783, 13.4, 18.1, 61, 7.5, 1, 21, 54, 54.8, 36.9, 2.4, 27, 4.7, 2.8, 3.7, 5.8),
(129, 556656, 11.5, 16.1, 63.3, 9.1, 2, 22, 54, 58, 40.8, 0.7, 31.8, 0, 0, 4.9, 0.6),
(130, 569100, 10.8, 15.2, 65.2, 8.7, 1, 22, 54, 49.3, 41.3, 2.5, 26.9, 3.3, 2, 5.1, 6.9),
(131, 334935, 11, 15.1, 63.6, 10.3, 2, 23, 54, 56.1, 42.3, 0.9, 32.5, 0, 0, 5.3, 0.7),
(132, 349549, 10.1, 13.8, 65.8, 10.3, 1, 23, 54, 46.4, 42.4, 3.2, 26.6, 2.7, 1.9, 5.8, 8),
(133, 61405, 10.8, 15, 65.3, 8.8, 1, 24, 54, 46.4, 42.6, 3.7, 25.7, 3.2, 2.1, 5.1, 7.3),
(134, 59626, 11.9, 16.1, 63.3, 8.7, 2, 24, 54, 57, 41.6, 0.8, 31.5, 0, 0, 5, 0.6),
(135, 40124, 10.9, 15.1, 63.7, 10.3, 2, 25, 54, 55.2, 42.8, 1.4, 32.2, 0, 0, 5.2, 0.7),
(136, 43018, 9.7, 13.3, 66.1, 10.8, 1, 25, 54, 44.5, 41, 5.7, 26.1, 2.7, 2.1, 6.4, 8.8),
(137, 11535, 15.3, 19, 59.8, 5.8, 1, 26, 54, 50.7, 41.5, 2.4, 24, 4.3, 2.7, 4.3, 5.4),
(138, 11848, 15.2, 20.2, 59.5, 5.2, 2, 26, 54, 59.3, 39.8, 0.5, 28.5, 0, 0, 4.8, 0.4),
(139, 74062, 11.1, 16.8, 61.3, 10.8, 2, 27, 54, 57.3, 41.1, 0.9, 32.7, 0, 0, 5.3, 0.7),
(140, 81015, 9.6, 14.8, 65.1, 10.5, 1, 27, 54, 46.3, 42, 3.4, 26, 3, 1.8, 5.3, 8.3),
(141, 31671, 12.6, 19, 59.4, 9, 2, 28, 54, 57.5, 41.1, 0.8, 30.8, 0, 0, 4.9, 0.6),
(142, 33916, 11.4, 16.4, 63.7, 8.5, 1, 28, 54, 46.4, 42.2, 3.7, 24.9, 3.6, 2.2, 4.8, 7.7),
(143, 42666, 12.5, 18.5, 61.3, 7.6, 2, 29, 54, 59.1, 40.1, 0.4, 31.4, 0, 0, 4.5, 0.4),
(144, 42114, 12.3, 17.7, 62.2, 7.7, 1, 29, 54, 49.8, 42.4, 1.6, 24.8, 3.8, 2.4, 4, 6.3),
(145, 27646, 12.1, 14.6, 64, 9.3, 2, 3, 54, 59.8, 39.3, 0.5, 32.7, 0, 0, 6.8, 0.5),
(146, 28368, 10.6, 13.8, 65, 10.6, 1, 3, 54, 48.8, 40.8, 2, 27.5, 3.4, 2.2, 6.4, 8.4),
(147, 106936, 9.5, 14, 65.8, 10.6, 1, 30, 54, 47.8, 42, 2.2, 27.6, 3.1, 1.8, 4.7, 8),
(148, 99615, 10.8, 15.6, 63.4, 10.3, 2, 30, 54, 58, 40.9, 0.6, 33.5, 0, 0, 5.1, 0.6),
(149, 67868, 12.7, 16.8, 62.2, 8.2, 2, 31, 54, 61.6, 37.5, 0.6, 32.8, 0, 0, 4.4, 0.3),
(150, 70862, 11.6, 15.3, 65.2, 7.9, 1, 31, 54, 50.7, 39.7, 2.9, 27.6, 3.9, 2.3, 4.3, 6.7),
(151, 9204, 13.9, 18.2, 61.4, 6.5, 2, 32, 54, 64.2, 35.2, 0.3, 32.4, 0, 0, 4.4, 0.2),
(152, 9380, 12.6, 16.3, 64.3, 6.8, 1, 32, 54, 53.9, 37.4, 2.4, 27.5, 4.5, 2.6, 4, 6.3),
(153, 41783, 12.5, 17, 63.6, 6.9, 2, 33, 54, 59.7, 39.3, 0.8, 32.1, 0, 0, 3.6, 0.3),
(154, 40366, 12.1, 16.5, 65.8, 5.5, 1, 33, 54, 51.2, 40.2, 3.4, 26.8, 3.6, 2.3, 3.5, 5.1),
(155, 15622, 10.7, 12.9, 64.4, 11.9, 1, 34, 54, 46.5, 40.8, 3, 27.7, 3.1, 2.1, 4.4, 9.7),
(156, 15334, 11, 13.7, 64.3, 11, 2, 34, 54, 58.5, 39.8, 1, 33.6, 0, 0, 4.2, 0.7),
(157, 491389, 11.8, 14.3, 66.3, 7.7, 1, 35, 54, 50.6, 41.2, 2.4, 27.1, 3.5, 2.2, 4.5, 5.8),
(158, 509255, 11.9, 14.5, 65.8, 7.9, 2, 35, 54, 59.1, 39.7, 0.7, 31.6, 0, 0, 4.5, 0.5),
(159, 101627, 12.6, 15.9, 65, 6.5, 2, 36, 54, 59.3, 39.6, 0.7, 31.1, 0, 0, 4.6, 0.4),
(160, 95905, 12.7, 16.2, 64.8, 6.3, 1, 36, 54, 50.3, 42.4, 2.4, 25.6, 3.7, 2.2, 4.5, 4.9),
(161, 196707, 10.6, 14.8, 64.7, 9.9, 2, 37, 54, 58.1, 40.5, 0.8, 32.7, 0, 0, 5.6, 0.6),
(162, 198142, 10.1, 14.2, 65.6, 10.1, 1, 37, 54, 48.7, 41.4, 2.3, 27.4, 3.1, 2, 5.5, 7.6),
(163, 133459, 10.9, 14.8, 65, 9.2, 1, 39, 54, 47.6, 41.8, 2.6, 26.1, 3.7, 2, 5.3, 8),
(164, 131316, 11.4, 15.9, 63.6, 9.1, 2, 39, 54, 57.6, 40.8, 0.9, 31.2, 0, 0, 5.4, 0.7),
(165, 32011, 11.9, 15.8, 62.8, 9.4, 2, 4, 54, 60.8, 38.2, 0.6, 33.4, 0, 0, 5.2, 0.4),
(166, 33907, 10.4, 13.8, 64.8, 11, 1, 4, 54, 48.4, 40.3, 2.7, 27.4, 2.9, 2.1, 5, 8.5),
(167, 67853, 11.1, 13.5, 66.6, 8.8, 2, 40, 54, 61.5, 37.6, 0.5, 34.4, 0, 0, 5.5, 0.5),
(168, 67987, 10.5, 13, 66.2, 10.3, 1, 40, 54, 51.3, 39.4, 1.9, 29.2, 3.2, 2.1, 5.3, 7.4),
(169, 29254, 11.5, 16.3, 63.5, 8.6, 2, 41, 54, 59.4, 39.5, 0.5, 31.8, 0, 0, 4.7, 0.6),
(170, 27956, 11.7, 16.3, 63.4, 8.6, 1, 41, 54, 50.1, 41.5, 1.9, 26.1, 3.7, 2.2, 4.9, 6.4),
(171, 34736, 10.8, 16.3, 63, 9.9, 2, 42, 54, 57.5, 40.8, 1, 32.5, 0, 0, 6, 0.8),
(172, 35080, 9.7, 15.8, 63.8, 10.6, 1, 42, 54, 46.4, 42.2, 2.6, 25.8, 3.3, 1.9, 5.7, 8.8),
(173, 255584, 11.2, 15.2, 65.2, 8.3, 2, 43, 54, 57.3, 41.4, 0.8, 32.2, 0, 0, 3.5, 0.4),
(174, 250933, 11, 14.9, 66.3, 7.8, 1, 43, 54, 48.4, 42.5, 3, 26.7, 2.9, 2, 4.1, 6.1),
(175, 255126, 12.4, 16.2, 64, 7.4, 2, 44, 54, 57.8, 41.2, 0.6, 31.3, 0, 0, 4.2, 0.4),
(176, 252081, 12, 15.8, 65.5, 6.7, 1, 44, 54, 48.5, 42.7, 2.8, 25.9, 3.4, 2.1, 4.4, 6),
(177, 56718, 13.4, 16.6, 64.3, 5.7, 1, 45, 54, 47.6, 43.2, 3.4, 24.5, 3.6, 2.5, 3.5, 5.9),
(178, 56721, 14.2, 17.3, 62.4, 6.1, 2, 45, 54, 57.2, 42, 0.5, 29.5, 0, 0, 3.5, 0.3),
(179, 125072, 11.7, 16, 64.2, 8.2, 1, 46, 54, 48.1, 43, 2.4, 25.6, 3.4, 2.2, 4.4, 6.5),
(180, 122646, 12.7, 17.1, 61.6, 8.6, 2, 46, 54, 57, 41.9, 0.6, 30.6, 0, 0, 4.2, 0.5),
(181, 39929, 11.1, 15.7, 63.6, 9.6, 2, 47, 54, 56.8, 42.2, 0.6, 31.9, 0, 0, 4, 0.4),
(182, 40471, 10.8, 14.9, 63.9, 10.4, 1, 47, 54, 46.9, 42.6, 2.4, 26.9, 3.1, 2.1, 4.6, 8.2),
(183, 19865, 11.7, 15.7, 63, 9.6, 1, 48, 54, 52.8, 37.9, 2.2, 28.1, 4.3, 2.2, 4.5, 7.2),
(184, 18052, 13.3, 18.2, 59.4, 9.1, 2, 48, 54, 60.6, 38.6, 0.4, 31.3, 0, 0, 4.6, 0.4),
(185, 1695660, 9.8, 12.9, 66.2, 11.1, 1, 49, 54, 47.4, 41.2, 3.4, 27.4, 2.3, 1.8, 5.3, 8),
(186, 1647990, 10.6, 13.8, 65.3, 10.3, 2, 49, 54, 56.1, 42.3, 1, 32.9, 0, 0, 4.4, 0.6),
(187, 52525, 11, 13.6, 64, 11.5, 1, 5, 54, 47.3, 43.7, 1.7, 25.1, 2.8, 2, 7.1, 7.3),
(188, 53816, 11.4, 14.4, 64.4, 9.8, 2, 5, 54, 57.7, 41.3, 0.5, 33.2, 0, 0, 7.4, 0.5),
(189, 145987, 10.7, 13.1, 66.3, 9.9, 1, 50, 54, 46, 43.3, 3.3, 26.1, 2.5, 1.9, 4.7, 7.4),
(190, 141877, 11.5, 14.1, 64.7, 9.7, 2, 50, 54, 54.6, 43.6, 1.1, 31.7, 0, 0, 4.1, 0.6),
(191, 156042, 11.6, 15.4, 65.1, 7.8, 2, 51, 54, 56.8, 41.6, 0.9, 31.6, 0, 0, 3.7, 0.6),
(192, 156233, 11, 15, 65.6, 8.4, 1, 51, 54, 47.5, 41.5, 3.7, 25.9, 2.8, 2.1, 4.4, 7.3),
(193, 132718, 13.8, 17.3, 63.4, 5.4, 1, 52, 54, 48.6, 44.5, 2.2, 23.8, 3.2, 2.5, 4, 4.7),
(194, 138946, 14.1, 17.4, 63.1, 5.4, 2, 52, 54, 56.5, 42.7, 0.5, 29.3, 0, 0, 3.6, 0.3),
(195, 59234, 13.3, 16.6, 63.8, 6.3, 1, 53, 54, 48.7, 43.2, 2.4, 24.4, 3.3, 2.5, 4.6, 5.7),
(196, 60569, 14, 17, 63, 6, 2, 53, 54, 57.5, 41.6, 0.5, 30, 0, 0, 4.4, 0.4),
(197, 56203, 11.6, 14.5, 65, 8.9, 1, 54, 54, 46.5, 43.4, 2.9, 25.4, 2.9, 2.4, 4.5, 7.2),
(198, 56845, 11.5, 15.1, 65.2, 8.2, 2, 54, 54, 56.2, 42.6, 0.8, 31.3, 0, 0, 4, 0.5),
(199, 135674, 12.6, 15.9, 64.6, 6.9, 1, 55, 54, 48.5, 42.6, 2.5, 25, 3.1, 2.4, 4.3, 6.3),
(200, 136393, 13.1, 16.5, 63.5, 6.9, 2, 55, 54, 57.3, 41.7, 0.6, 30.6, 0, 0, 3.7, 0.4),
(201, 110747, 10.9, 14.8, 64.7, 9.6, 1, 56, 54, 47.6, 41.1, 3.1, 26, 2.9, 2, 4.9, 8.2),
(202, 105683, 12, 16.1, 63, 8.9, 2, 56, 54, 57.8, 40.8, 0.8, 31.9, 0, 0, 4.5, 0.6),
(203, 42546, 12.7, 17.3, 62, 8, 2, 57, 54, 58.1, 40.6, 0.8, 31.2, 0, 0, 4.3, 0.5),
(204, 43136, 11.7, 16.9, 63.7, 7.7, 1, 57, 54, 48.5, 41, 3.5, 25.1, 3.3, 2.2, 4.5, 7),
(205, 46934, 15.4, 18.2, 63.3, 3.1, 1, 58, 54, 50.4, 42.3, 3.8, 23.5, 3.6, 2.9, 2.8, 3.5),
(206, 55164, 13.5, 16, 67.1, 3.4, 2, 58, 54, 59.3, 39.7, 0.9, 31, 0, 0, 2.4, 0.2),
(207, 77082, 11.6, 15.2, 63.2, 9.9, 1, 6, 54, 49.6, 41.4, 2.1, 26.6, 3.4, 2.2, 5.4, 7),
(208, 72835, 12.8, 16.6, 61.4, 9.2, 2, 6, 54, 59.4, 39.8, 0.4, 31.8, 0, 0, 5.9, 0.4),
(209, 169147, 10.3, 14.4, 65.3, 10, 1, 60, 54, 45.2, 41.9, 4.1, 25.3, 3, 2, 5.5, 8.8),
(210, 156415, 11.7, 16.2, 62, 10.1, 2, 60, 54, 56.9, 41.5, 1, 32, 0, 0, 5.2, 0.6),
(211, 48808, 12.7, 18.2, 60.3, 8.8, 2, 61, 54, 58.7, 40.2, 0.6, 31.2, 0, 0, 4.2, 0.5),
(212, 51381, 11.3, 16.1, 64.2, 8.4, 1, 61, 54, 46.7, 42.4, 2.9, 24.8, 3.7, 2.1, 4.2, 7.9),
(213, 99581, 13.2, 17, 60.8, 9, 2, 62, 54, 57.1, 41.6, 0.8, 30.9, 0, 0, 5.2, 0.5),
(214, 105994, 11.9, 15.4, 63.6, 9.2, 1, 62, 54, 44.9, 43.5, 3.2, 24, 3.2, 2.2, 5, 8.4),
(215, 108801, 11, 16.2, 61.7, 11, 2, 63, 54, 55.8, 42.4, 1.2, 31.8, 0, 0, 6.2, 0.6),
(216, 118807, 9.8, 14.4, 65.2, 10.7, 1, 63, 54, 43.7, 42.5, 4.8, 25.6, 3.1, 1.8, 6.6, 9),
(217, 193700, 10.9, 14.5, 63.6, 10.9, 1, 64, 54, 45.8, 42.1, 3, 25.4, 3, 2.2, 5.2, 9.1),
(218, 181212, 12.6, 16.1, 61.5, 9.9, 2, 64, 54, 57.4, 41.3, 0.8, 31.9, 0, 0, 4.7, 0.5),
(219, 277348, 8.9, 12.8, 65, 13.3, 2, 65, 54, 54.6, 43.2, 1.4, 34.2, 0, 0, 4.1, 0.8),
(220, 295369, 7.9, 11.7, 66.4, 14, 1, 65, 54, 46.4, 40.8, 4, 29, 2.1, 1.6, 4.7, 8.8),
(221, 449601, 11.3, 15.1, 64.8, 8.8, 2, 66, 54, 56.3, 42.4, 0.8, 32.2, 0, 0, 4.4, 0.5),
(222, 458298, 10.5, 14.3, 66.8, 8.4, 1, 66, 54, 48, 42.8, 2.8, 26.9, 2.8, 1.9, 4.7, 6.4),
(223, 257577, 11.5, 14.7, 66.4, 7.4, 1, 67, 54, 47.7, 44, 2.7, 26.3, 2.9, 2, 4, 5.6),
(224, 257813, 12.1, 15.4, 64.6, 7.9, 2, 67, 54, 55.6, 43.3, 0.7, 31.2, 0, 0, 3.7, 0.4),
(225, 293672, 11.4, 15.8, 63.9, 8.9, 2, 68, 54, 56.4, 42.1, 1, 31.5, 0, 0, 4.6, 0.6),
(226, 304259, 10.7, 14.8, 65.7, 8.8, 1, 68, 54, 47.7, 42.1, 3.3, 26, 3, 2, 4.8, 6.9),
(227, 145474, 9.8, 14.9, 65, 10.3, 1, 69, 54, 45.9, 41.7, 3.7, 26.1, 3, 1.8, 5.6, 8.6),
(228, 134197, 11.1, 16.7, 61.8, 10.3, 2, 69, 54, 58.1, 40.1, 1, 33, 0, 0, 5.3, 0.7),
(229, 44344, 13.1, 18.1, 61.5, 7.3, 2, 7, 54, 59.6, 39.7, 0.4, 30.7, 0, 0, 4.4, 0.4),
(230, 45924, 11.8, 16.6, 64.1, 7.5, 1, 7, 54, 50.4, 41.6, 2, 26.1, 3.9, 2.1, 3.9, 6),
(231, 83066, 11.5, 16.5, 62.7, 9.3, 2, 70, 54, 57.1, 41.5, 0.8, 31.9, 0, 0, 4.9, 0.6),
(232, 85368, 10.9, 15.3, 64.6, 9.2, 1, 70, 54, 47.4, 42.1, 2.8, 25.7, 3.2, 2, 4.9, 7.7),
(233, 66912, 11, 14.7, 64.9, 9.4, 1, 71, 54, 48.5, 40.1, 3.3, 26.5, 3.1, 2, 5.3, 8.1),
(234, 64001, 12.4, 16, 62.6, 9, 2, 71, 54, 58.8, 39.6, 0.9, 32.4, 0, 0, 4.9, 0.7),
(235, 117716, 12.7, 15.7, 65.9, 5.7, 2, 72, 54, 60.8, 38.1, 0.9, 32.6, 0, 0, 3.1, 0.3),
(236, 112263, 12.8, 15.6, 66.3, 5.3, 1, 72, 54, 51.1, 39.5, 4.5, 26.8, 3.5, 2.5, 3.7, 4.9),
(237, 22284, 12.9, 18.2, 64.2, 4.7, 2, 73, 54, 61.2, 38, 0.6, 31.3, 0, 0, 2.9, 0.2),
(238, 20220, 13.4, 19.3, 63.5, 3.9, 1, 73, 54, 53, 40.5, 2.2, 25.3, 4, 2.6, 2.6, 4.3),
(239, 3605, 14.9, 16.8, 63.8, 4.5, 1, 74, 54, 50.3, 42.2, 2.9, 24.2, 3.4, 2.4, 4.1, 4.6),
(240, 4381, 12.1, 14.7, 68.3, 5, 2, 74, 54, 56.7, 42.3, 0.9, 31, 0, 0, 2.8, 0.2),
(241, 25085, 13.7, 19, 62.6, 4.8, 2, 75, 54, 61.8, 37.4, 0.7, 31.4, 0, 0, 3.4, 0.2),
(242, 24931, 13, 18, 64.4, 4.5, 1, 75, 54, 52.9, 39.2, 3.3, 25.7, 3.7, 2.5, 3.7, 4.5),
(243, 23173, 13.7, 15, 62, 9.2, 2, 76, 54, 58.2, 40.9, 0.4, 32, 0, 0, 5.4, 0.5),
(244, 21547, 13.5, 15.8, 60.8, 9.9, 1, 76, 54, 48.5, 45, 1.1, 24.3, 3.5, 2.5, 4.6, 5.4),
(245, 85274, 11.5, 14.9, 63.4, 10.2, 1, 77, 54, 49.6, 42, 1.3, 25.9, 3.4, 2.2, 6.4, 7.1),
(246, 86388, 12, 15.6, 63.4, 9, 2, 77, 54, 59.3, 39.9, 0.4, 32.4, 0, 0, 6.8, 0.4),
(247, 74372, 10.8, 15.6, 63, 10.5, 2, 78, 54, 61.3, 37.8, 0.4, 34.1, 0, 0, 9.3, 0.5),
(248, 80663, 9.5, 13.4, 65.3, 11.9, 1, 78, 54, 52.7, 38, 1.2, 30.2, 3.5, 1.7, 8.2, 8),
(249, 20838, 14.1, 18, 59, 8.9, 1, 79, 54, 51.8, 41.9, 1.1, 25, 4, 2.4, 4.2, 5.3),
(250, 21255, 14.5, 19, 57.3, 9.2, 2, 79, 54, 61, 38.3, 0.4, 30.8, 0, 0, 4.3, 0.4),
(251, 34738, 11.2, 14.6, 63.5, 10.7, 1, 8, 54, 48.3, 39, 4.1, 26.4, 3.1, 2.1, 5.6, 8.6),
(252, 31723, 12.6, 16.7, 61.6, 9.1, 2, 8, 54, 59.2, 39.4, 0.9, 32.2, 0, 0, 5.4, 0.5),
(253, 89382, 10.4, 14.3, 63.9, 11.4, 2, 80, 54, 56.8, 41.8, 0.7, 33.7, 0, 0, 6.7, 0.6),
(254, 92254, 9.6, 13.2, 64.7, 12.6, 1, 80, 54, 45.8, 42.6, 3.1, 26, 2.6, 1.9, 6.7, 8.5),
(255, 41237, 13, 17.2, 60.3, 9.4, 1, 81, 54, 52.5, 41.8, 0.8, 26.9, 4.3, 2.3, 4.4, 4.9),
(256, 41598, 14, 17.9, 58.8, 9.3, 2, 81, 54, 61.2, 38.3, 0.2, 31.1, 0, 0, 5, 0.3),
(257, 62767, 12.9, 18, 60.1, 8.9, 1, 82, 54, 51.5, 42.1, 0.8, 25.6, 4.9, 2.3, 4.4, 5.6),
(258, 63070, 13.6, 18.8, 58.7, 8.8, 2, 82, 54, 60.4, 39, 0.2, 29.8, 0, 0, 5, 0.4),
(259, 34469, 16.8, 20.9, 53.9, 8.4, 2, 83, 54, 61.3, 37.4, 0.8, 27.8, 0, 0, 4.7, 0.4),
(260, 34673, 16.4, 20, 55.5, 8.2, 1, 83, 54, 50.9, 41, 2.5, 22.6, 4.8, 2.9, 4.5, 5.6),
(261, 178216, 15.2, 18.1, 59.8, 7, 2, 84, 54, 57, 42.1, 0.4, 29, 0, 0, 4.8, 0.5),
(262, 170768, 15.2, 18.1, 60, 6.8, 1, 84, 54, 48.7, 44.4, 1.4, 22.7, 3.6, 2.6, 4.7, 5.4),
(263, 153760, 13.9, 18.9, 57.4, 9.8, 1, 85, 54, 50.3, 41.6, 1, 24.4, 5.2, 3, 5.6, 7),
(264, 153516, 14.5, 19.6, 55.4, 10.5, 2, 85, 54, 58.5, 40.4, 0.3, 29, 0, 0, 6.4, 0.7),
(265, 238029, 13.6, 18.1, 59.1, 9.1, 1, 86, 54, 48.6, 43.8, 0.9, 24, 4.9, 2.7, 4.7, 6.8),
(266, 249765, 13.6, 17.9, 58.9, 9.5, 2, 86, 54, 58.1, 41, 0.3, 29.4, 0, 0, 5.1, 0.7),
(267, 186099, 15.2, 17.7, 58.2, 8.9, 1, 87, 54, 45.5, 46.1, 1.6, 21.8, 4.7, 2.7, 5, 6.8),
(268, 197005, 15.1, 17.6, 58.5, 8.9, 2, 87, 54, 58.4, 40.7, 0.4, 29.2, 0, 0, 5.6, 0.4),
(269, 173229, 13.4, 19.1, 54.9, 12.7, 2, 88, 54, 56.3, 42.5, 0.4, 29.7, 0, 0, 6.8, 0.8),
(270, 170308, 13.2, 19.1, 55.4, 12.3, 1, 88, 54, 47.4, 44, 0.7, 23.7, 5.1, 2.9, 6.1, 7.9),
(271, 108494, 14.4, 18.1, 58.7, 8.7, 2, 89, 54, 58.7, 40.3, 0.4, 29.4, 0, 0, 4.8, 0.6),
(272, 99900, 14.8, 18.4, 57.3, 9.5, 1, 89, 54, 47.8, 44.7, 1.1, 22.7, 4.7, 2.8, 4.7, 6.4),
(273, 497372, 10.6, 14.2, 65.4, 9.9, 1, 9, 54, 48.1, 40.9, 3.3, 26.4, 2.6, 2, 5.5, 7.7),
(274, 476649, 11.4, 15.1, 63.7, 9.9, 2, 9, 54, 56.7, 41.7, 1, 32.1, 0, 0, 4.8, 0.7),
(275, 180359, 13.8, 18.7, 57.1, 10.3, 2, 90, 54, 59.8, 39.1, 0.4, 30.2, 0, 0, 5.1, 0.8),
(276, 165734, 14.6, 19.3, 55.1, 11, 1, 90, 54, 48.1, 43.1, 1, 22.6, 4.9, 2.9, 4.8, 7.7),
(277, 78673, 15.5, 19.2, 57.3, 8, 2, 91, 54, 61.5, 37.4, 0.5, 29.2, 0, 0, 5.1, 0.6),
(278, 72387, 16.2, 19.9, 55.2, 8.7, 1, 91, 54, 50.6, 41.8, 1.1, 22.6, 5.2, 3.6, 4.6, 6.5),
(279, 109793, 14.4, 17.8, 57.9, 10, 2, 92, 54, 59.8, 39.3, 0.4, 29.7, 0, 0, 5.8, 0.5),
(280, 114249, 13.3, 16.4, 59.9, 10.4, 1, 92, 54, 48, 41.2, 3.1, 25.1, 4.5, 2.6, 5.2, 7.7),
(281, 97271, 12.1, 16.1, 61.5, 10.3, 1, 93, 54, 53.3, 37.6, 1.6, 28.4, 4.8, 2.5, 4.7, 7.5),
(282, 86259, 14.1, 18.7, 56.2, 11, 2, 93, 54, 60.1, 39, 0.3, 30.6, 0, 0, 5.2, 0.6),
(283, 80917, 13.6, 18, 58.4, 10, 1, 94, 54, 45.7, 42.8, 4.1, 22.6, 4.9, 2.9, 6.3, 7.4),
(284, 82300, 13.4, 18.2, 58.1, 10.3, 2, 94, 54, 57.5, 40.6, 1, 29.3, 0, 0, 6.4, 0.9),
(285, 124798, 14.5, 17.8, 58.5, 9.2, 1, 95, 54, 52.9, 37.9, 2.7, 26, 5.7, 3.3, 5.1, 6.6),
(286, 121379, 15.5, 18.9, 56.6, 9, 2, 95, 54, 63.7, 35.5, 0.4, 30.2, 0, 0, 5.8, 0.4),
(287, 130633, 14.8, 18.2, 58.3, 8.8, 1, 96, 54, 55.7, 36.9, 1.7, 26.9, 5.7, 3, 4.8, 5.7),
(288, 124209, 16.2, 20.1, 55, 8.7, 2, 96, 54, 64.2, 35.3, 0.2, 28.8, 0, 0, 5.4, 0.3),
(289, 10476, 14.2, 16.6, 61.3, 8, 2, 97, 54, 57.6, 41.2, 0.5, 30.7, 0, 0, 4.7, 0.7),
(290, 9856, 13.8, 16.2, 61.4, 8.7, 1, 97, 54, 47.3, 44.9, 1.8, 23.6, 3.5, 4, 4.2, 6),
(291, 73069, 13.1, 16.5, 60.9, 9.4, 2, 98, 54, 57.2, 41.5, 0.6, 31.1, 0, 0, 5.3, 0.8),
(292, 69926, 13.1, 16.3, 60.2, 10.4, 1, 98, 54, 46.9, 44.2, 1.7, 23.9, 3.5, 2.3, 4.8, 7.3),
(293, 63281, 12.9, 16.8, 61.6, 8.6, 2, 99, 54, 55.9, 42.9, 0.6, 30, 0, 0, 5.8, 0.6),
(294, 61861, 12.8, 16.3, 61.8, 9.1, 1, 99, 54, 46.7, 45, 1.9, 24.2, 3.7, 2.3, 5.4, 6.4);

-- --------------------------------------------------------

--
-- Structure de la table `etat_activite`
--

CREATE TABLE `etat_activite` (
  `id_ea` int(11) NOT NULL,
  `etat` varchar(255) DEFAULT NULL
) ENGINE=InnoDB DEFAULT CHARSET=utf8mb4 COLLATE=utf8mb4_general_ci;

--
-- Déchargement des données de la table `etat_activite`
--

INSERT INTO `etat_activite` (`id_ea`, `etat`) VALUES
(1, 'active'),
(2, 'inactive');

-- --------------------------------------------------------

--
-- Structure de la table `genre`
--

CREATE TABLE `genre` (
  `id_g` int(11) NOT NULL,
  `genre` varchar(200) DEFAULT NULL
) ENGINE=InnoDB DEFAULT CHARSET=utf8mb4 COLLATE=utf8mb4_general_ci;

--
-- Déchargement des données de la table `genre`
--

INSERT INTO `genre` (`id_g`, `genre`) VALUES
(1, 'feminin'),
(2, 'masculin');

-- --------------------------------------------------------

--
-- Structure de la table `langue`
--

CREATE TABLE `langue` (
  `id_l` int(11) NOT NULL,
  `langue` varchar(255) DEFAULT NULL
) ENGINE=InnoDB DEFAULT CHARSET=utf8mb4 COLLATE=utf8mb4_general_ci;

--
-- Déchargement des données de la table `langue`
--

INSERT INTO `langue` (`id_l`, `langue`) VALUES
(1, 'Arabe'),
(2, 'Arabe et Français'),
(3, 'Arabe et Français et Anglais'),
(4, 'Autre');

-- --------------------------------------------------------

--
-- Structure de la table `milieu`
--

CREATE TABLE `milieu` (
  `id_m` int(11) NOT NULL,
  `type` varchar(200) NOT NULL,
  `id_p` int(11) NOT NULL
) ENGINE=InnoDB DEFAULT CHARSET=utf8mb4 COLLATE=utf8mb4_general_ci;

--
-- Déchargement des données de la table `milieu`
--

INSERT INTO `milieu` (`id_m`, `type`, `id_p`) VALUES
(1, 'Urbain', 1),
(2, 'Urbain', 2),
(3, 'Urbain', 3),
(4, 'Urbain', 4),
(5, 'Urbain', 5),
(6, 'Urbain', 6),
(7, 'Urbain', 7),
(8, 'Urbain', 8),
(9, 'Urbain', 9),
(10, 'Urbain', 10),
(11, 'Urbain', 11),
(12, 'Urbain', 12),
(13, 'Urbain', 13),
(14, 'Urbain', 14),
(15, 'Urbain', 15),
(16, 'Urbain', 16),
(17, 'Urbain', 17),
(18, 'Urbain', 18),
(19, 'Urbain', 19),
(20, 'Urbain', 20),
(21, 'Urbain', 21),
(22, 'Urbain', 22),
(23, 'Urbain', 23),
(24, 'Urbain', 24),
(25, 'Urbain', 25),
(26, 'Urbain', 26),
(27, 'Urbain', 27),
(28, 'Urbain', 28),
(29, 'Urbain', 29),
(30, 'Urbain', 30),
(31, 'Urbain', 31),
(32, 'Urbain', 32),
(33, 'Urbain', 33),
(34, 'Urbain', 34),
(35, 'Urbain', 35),
(36, 'Urbain', 36),
(37, 'Urbain', 37),
(38, 'Urbain', 38),
(39, 'Urbain', 39),
(40, 'Urbain', 40),
(41, 'Urbain', 41),
(42, 'Urbain', 42),
(43, 'Urbain', 43),
(44, 'Urbain', 44),
(45, 'Urbain', 45),
(46, 'Urbain', 46),
(47, 'Urbain', 47),
(48, 'Urbain', 48),
(49, 'Urbain', 49),
(50, 'Urbain', 50),
(51, 'Urbain', 51),
(52, 'Urbain', 52),
(53, 'Urbain', 53),
(54, 'Urbain', 54),
(55, 'Urbain', 55),
(56, 'Urbain', 56),
(57, 'Urbain', 57),
(58, 'Urbain', 58),
(59, 'Urbain', 59),
(60, 'Urbain', 60),
(61, 'Urbain', 61),
(62, 'Urbain', 62),
(63, 'Urbain', 63),
(64, 'Urbain', 64),
(65, 'Urbain', 65),
(66, 'Urbain', 66),
(67, 'Urbain', 67),
(68, 'Urbain', 68),
(69, 'Urbain', 69),
(70, 'Urbain', 70),
(71, 'Urbain', 71),
(72, 'Urbain', 72),
(73, 'Urbain', 73),
(74, 'Urbain', 74),
(75, 'Urbain', 75),
(76, 'Rural', 1),
(77, 'Rural', 2),
(78, 'Rural', 3),
(79, 'Rural', 4),
(80, 'Rural', 5),
(81, 'Rural', 6),
(82, 'Rural', 7),
(83, 'Rural', 8),
(84, 'Rural', 9),
(85, 'Rural', 10),
(86, 'Rural', 11),
(87, 'Rural', 12),
(88, 'Rural', 13),
(89, 'Rural', 14),
(90, 'Rural', 15),
(91, 'Rural', 16),
(92, 'Rural', 17),
(93, 'Rural', 18),
(94, 'Rural', 19),
(95, 'Rural', 20),
(96, 'Rural', 21),
(97, 'Rural', 22),
(98, 'Rural', 23),
(99, 'Rural', 24),
(100, 'Rural', 25),
(101, 'Rural', 26),
(102, 'Rural', 27),
(103, 'Rural', 28),
(104, 'Rural', 29),
(105, 'Rural', 30),
(106, 'Rural', 31),
(107, 'Rural', 32),
(108, 'Rural', 33),
(109, 'Rural', 34),
(110, 'Rural', 35),
(111, 'Rural', 36),
(112, 'Rural', 37),
(113, 'Rural', 38),
(114, 'Rural', 39),
(115, 'Rural', 40),
(116, 'Rural', 41),
(117, 'Rural', 42),
(118, 'Rural', 43),
(119, 'Rural', 44),
(120, 'Rural', 45),
(121, 'Rural', 46),
(122, 'Rural', 47),
(123, 'Rural', 48),
(124, 'Rural', 49),
(125, 'Rural', 50),
(126, 'Rural', 51),
(127, 'Rural', 52),
(128, 'Rural', 53),
(129, 'Rural', 54),
(130, 'Rural', 55),
(131, 'Rural', 56),
(132, 'Rural', 57),
(133, 'Rural', 58),
(134, 'Rural', 59),
(135, 'Rural', 60),
(136, 'Rural', 61),
(137, 'Rural', 62),
(138, 'Rural', 63),
(139, 'Rural', 64),
(140, 'Rural', 65),
(141, 'Rural', 66),
(142, 'Rural', 67),
(143, 'Rural', 68),
(144, 'Rural', 69),
(145, 'Rural', 70),
(146, 'Rural', 71),
(147, 'Rural', 72),
(148, 'Rural', 73),
(149, 'Rural', 74),
(150, 'Rural', 75);

-- --------------------------------------------------------

--
-- Structure de la table `nbr_sante`
--

CREATE TABLE `nbr_sante` (
  `id_ns` float NOT NULL,
  `id_a` int(11) DEFAULT NULL,
  `nbr_hespo` float DEFAULT NULL,
  `nbr_pharmacie` float DEFAULT NULL,
  `nbr_doctor` float DEFAULT NULL
) ENGINE=InnoDB DEFAULT CHARSET=utf8mb4 COLLATE=utf8mb4_general_ci;

--
-- Déchargement des données de la table `nbr_sante`
--

INSERT INTO `nbr_sante` (`id_ns`, `id_a`, `nbr_hespo`, `nbr_pharmacie`, `nbr_doctor`) VALUES
(1, 10, NULL, NULL, 1163),
(2, 11, NULL, NULL, 1096),
(3, 13, NULL, NULL, 1147),
(4, 14, NULL, NULL, 1223),
(5, 15, NULL, 500, 1238),
(6, 16, NULL, 554, 1454),
(7, 17, NULL, 537, 1577),
(8, 18, NULL, 630, 1740),
(9, 19, NULL, 642, 1745),
(10, 20, NULL, 632, 1762),
(11, 21, NULL, 767, 2214),
(12, 22, NULL, 915, 2487),
(13, 23, NULL, 961, 2825),
(14, 24, NULL, 1030, 2957),
(15, 25, NULL, 1124, 3579),
(16, 26, NULL, 1267, 3945),
(17, 27, NULL, 1351, NULL),
(18, 28, NULL, 1475, 4946),
(19, 29, NULL, 1568, 4862),
(20, 30, NULL, 1697, 5711),
(21, 31, NULL, 1813, 6120),
(22, 32, NULL, 2008, 7103),
(23, 33, NULL, 2235, 8252),
(24, 34, NULL, 2486, 8838),
(25, 35, NULL, 2695, 8945),
(26, 36, NULL, 2931, 9397),
(27, 37, NULL, 3160, 9923),
(28, 38, NULL, 3599, 10771),
(29, 39, NULL, 4421, 11907),
(30, 40, 112, 5236, 12439),
(31, 41, 120, 5820, 12955),
(32, 42, 122, 6255, 13955),
(33, 43, 127, 6517, 16307),
(34, 44, 125, 6912, 16775),
(35, 45, 128, 7452, 17188),
(36, 46, 133, 8002, 18269),
(37, 47, NULL, NULL, 16826),
(38, 48, 137, 8452, 17758),
(39, 49, 137, NULL, 17758),
(40, 50, 141, NULL, 19746),
(41, 51, 141, NULL, 19746),
(42, 52, 143, NULL, 15937),
(43, 53, 143, NULL, 17121),
(44, 55, 155, NULL, NULL),
(45, 56, 158, NULL, 22312),
(46, 57, 158, NULL, 23374),
(47, 58, 159, NULL, 23374),
(48, 59, 162, NULL, 24961),
(49, 60, 165, NULL, 25575),
(50, 61, NULL, NULL, 27881),
(51, 62, NULL, NULL, 28392),
(52, 63, NULL, NULL, 29904);

-- --------------------------------------------------------

--
-- Structure de la table `niveau`
--

CREATE TABLE `niveau` (
  `id_n` int(11) NOT NULL,
  `niveau` varchar(255) DEFAULT NULL
) ENGINE=InnoDB DEFAULT CHARSET=utf8mb4 COLLATE=utf8mb4_general_ci;

--
-- Déchargement des données de la table `niveau`
--

INSERT INTO `niveau` (`id_n`, `niveau`) VALUES
(1, 'Neant'),
(2, 'Prescolaire'),
(3, 'Primaire'),
(4, 'Secondaire collegial'),
(5, 'Secondaire qualifiant'),
(6, 'Superieur');

-- --------------------------------------------------------

--
-- Structure de la table `population_active`
--

CREATE TABLE `population_active` (
  `id_pa` int(11) NOT NULL,
  `id_g` int(11) DEFAULT NULL,
  `id_a` int(11) DEFAULT NULL,
  `id_m` int(11) DEFAULT NULL,
  `val` float DEFAULT NULL,
  `id_ea` int(11) NOT NULL
) ENGINE=InnoDB DEFAULT CHARSET=utf8mb4 COLLATE=utf8mb4_general_ci;

--
-- Déchargement des données de la table `population_active`
--

INSERT INTO `population_active` (`id_pa`, `id_g`, `id_a`, `id_m`, `val`, `id_ea`) VALUES
(41, 1, 54, 1, 41264, 1),
(42, 1, 54, 1, 214647, 2),
(43, 2, 54, 1, 132926, 1),
(44, 2, 54, 1, 116058, 2),
(45, 1, 54, 10, 3547, 1),
(46, 1, 54, 10, 27715, 2),
(47, 2, 54, 10, 16332, 1),
(48, 2, 54, 10, 14624, 2),
(49, 2, 54, 100, 20555, 1),
(50, 2, 54, 100, 14982, 2),
(51, 1, 54, 100, 4088, 1),
(52, 1, 54, 100, 31004, 2),
(53, 2, 54, 101, 43685, 1),
(54, 2, 54, 101, 32538, 2),
(55, 1, 54, 101, 3798, 1),
(56, 1, 54, 101, 68907, 2),
(57, 2, 54, 102, 35293, 1),
(58, 2, 54, 102, 29516, 2),
(59, 1, 54, 102, 8242, 1),
(60, 1, 54, 102, 57810, 2),
(61, 1, 54, 103, 6807, 1),
(62, 1, 54, 103, 59428, 2),
(63, 2, 54, 103, 34013, 1),
(64, 2, 54, 103, 31640, 2),
(65, 2, 54, 104, 153605, 1),
(66, 2, 54, 104, 134736, 2),
(67, 1, 54, 104, 27672, 1),
(68, 1, 54, 104, 259943, 2),
(69, 1, 54, 105, 11643, 1),
(70, 1, 54, 105, 149147, 2),
(71, 2, 54, 105, 86837, 1),
(72, 2, 54, 105, 72808, 2),
(73, 2, 54, 106, 10667, 1),
(74, 2, 54, 106, 12080, 2),
(75, 1, 54, 106, 1954, 1),
(76, 1, 54, 106, 23401, 2),
(77, 1, 54, 107, 595, 1),
(78, 1, 54, 107, 3537, 2),
(79, 2, 54, 107, 2080, 1),
(80, 2, 54, 107, 2151, 2),
(81, 2, 54, 108, 1164, 1),
(82, 1, 54, 108, 282, 1),
(83, 2, 54, 108, 658, 2),
(84, 1, 54, 108, 1402, 2),
(85, 2, 54, 109, 16969, 1),
(86, 1, 54, 109, 3421, 1),
(87, 2, 54, 109, 21904, 2),
(88, 1, 54, 109, 41805, 2),
(89, 2, 54, 11, 22219, 1),
(90, 1, 54, 11, 5255, 1),
(91, 2, 54, 11, 19811, 2),
(92, 1, 54, 11, 36920, 2),
(93, 1, 54, 110, 4182, 1),
(94, 1, 54, 110, 24410, 2),
(95, 2, 54, 110, 18242, 1),
(96, 2, 54, 110, 12783, 2),
(97, 2, 54, 111, 3308, 1),
(98, 1, 54, 111, 532, 1),
(99, 2, 54, 111, 2495, 2),
(100, 1, 54, 111, 5032, 2),
(101, 2, 54, 112, 44852, 1),
(102, 1, 54, 112, 8691, 1),
(103, 2, 54, 112, 33307, 2),
(104, 1, 54, 112, 65478, 2),
(105, 2, 54, 113, 21480, 1),
(106, 2, 54, 113, 17431, 2),
(107, 1, 54, 113, 3841, 1),
(108, 1, 54, 113, 32733, 2),
(109, 1, 54, 114, 14289, 1),
(110, 2, 54, 114, 67145, 1),
(111, 2, 54, 114, 51576, 2),
(112, 1, 54, 114, 97245, 2),
(113, 2, 54, 115, 73524, 1),
(114, 1, 54, 115, 18101, 1),
(115, 1, 54, 115, 113114, 2),
(116, 2, 54, 115, 57129, 2),
(117, 2, 54, 116, 110635, 1),
(118, 1, 54, 116, 27800, 1),
(119, 2, 54, 116, 96147, 2),
(120, 1, 54, 116, 164909, 2),
(121, 1, 54, 117, 15638, 1),
(122, 1, 54, 117, 98286, 2),
(123, 2, 54, 117, 59294, 1),
(124, 2, 54, 117, 55717, 2),
(125, 2, 54, 118, 24264, 1),
(126, 2, 54, 118, 21416, 2),
(127, 1, 54, 118, 3002, 1),
(128, 1, 54, 118, 43558, 2),
(129, 1, 54, 119, 1107, 1),
(130, 2, 54, 119, 7274, 1),
(131, 2, 54, 119, 6357, 2),
(132, 1, 54, 119, 12580, 2),
(133, 1, 54, 12, 10398, 1),
(134, 2, 54, 12, 37889, 1),
(135, 1, 54, 12, 67352, 2),
(136, 2, 54, 12, 37010, 2),
(137, 1, 54, 120, 11881, 1),
(138, 1, 54, 120, 118058, 2),
(139, 2, 54, 120, 67735, 1),
(140, 2, 54, 120, 58664, 2),
(141, 2, 54, 121, 139313, 1),
(142, 2, 54, 121, 138819, 2),
(143, 1, 54, 121, 24437, 1),
(144, 1, 54, 121, 284620, 2),
(145, 1, 54, 122, 3429, 1),
(146, 1, 54, 122, 65407, 2),
(147, 2, 54, 122, 25157, 1),
(148, 2, 54, 122, 30789, 2),
(149, 2, 54, 123, 11973, 1),
(150, 2, 54, 123, 20494, 2),
(151, 1, 54, 123, 1918, 1),
(152, 1, 54, 123, 42456, 2),
(153, 2, 54, 125, 31847, 1),
(154, 1, 54, 125, 7192, 1),
(155, 2, 54, 125, 26796, 2),
(156, 1, 54, 125, 49693, 2),
(157, 2, 54, 126, 138558, 1),
(158, 2, 54, 126, 106015, 2),
(159, 1, 54, 126, 22935, 1),
(160, 1, 54, 126, 206933, 2),
(161, 2, 54, 127, 15108, 1),
(162, 2, 54, 127, 12517, 2),
(163, 1, 54, 127, 3085, 1),
(164, 1, 54, 127, 23277, 2),
(165, 2, 54, 128, 15039, 1),
(166, 1, 54, 128, 2890, 1),
(167, 2, 54, 128, 11660, 2),
(168, 1, 54, 128, 22430, 2),
(169, 1, 54, 129, 3947, 1),
(170, 2, 54, 129, 34463, 1),
(171, 1, 54, 129, 52094, 2),
(172, 2, 54, 129, 25513, 2),
(173, 1, 54, 13, 10071, 1),
(174, 1, 54, 13, 43304, 2),
(175, 2, 54, 13, 29074, 1),
(176, 2, 54, 13, 23147, 2),
(177, 1, 54, 130, 6328, 1),
(178, 1, 54, 130, 94458, 2),
(179, 2, 54, 130, 61898, 1),
(180, 2, 54, 130, 47561, 2),
(181, 2, 54, 131, 120355, 1),
(182, 2, 54, 131, 93408, 2),
(183, 1, 54, 131, 10303, 1),
(184, 1, 54, 131, 191229, 2),
(185, 2, 54, 132, 104118, 1),
(186, 1, 54, 132, 14906, 1),
(187, 2, 54, 132, 82359, 2),
(188, 1, 54, 132, 165383, 2),
(189, 1, 54, 133, 165, 1),
(190, 2, 54, 133, 8894, 1),
(191, 1, 54, 133, 304, 2),
(192, 2, 54, 133, 164, 2),
(193, 1, 54, 134, 140, 1),
(194, 1, 54, 134, 420, 2),
(195, 2, 54, 134, 1578, 1),
(196, 2, 54, 134, 258, 2),
(197, 1, 54, 135, 9664, 1),
(198, 2, 54, 135, 59772, 1),
(199, 1, 54, 135, 103255, 2),
(200, 2, 54, 135, 50523, 2),
(201, 1, 54, 136, 16528, 1),
(202, 1, 54, 136, 207404, 2),
(203, 2, 54, 136, 118118, 1),
(204, 2, 54, 136, 110645, 2),
(205, 1, 54, 137, 9747, 1),
(206, 2, 54, 137, 81148, 1),
(207, 1, 54, 137, 140210, 2),
(208, 2, 54, 137, 65532, 2),
(209, 2, 54, 138, 43440, 1),
(210, 2, 54, 138, 29831, 2),
(211, 1, 54, 138, 6351, 1),
(212, 1, 54, 138, 62948, 2),
(213, 2, 54, 139, 45387, 1),
(214, 2, 54, 139, 37604, 2),
(215, 1, 54, 139, 5476, 1),
(216, 1, 54, 139, 74946, 2),
(217, 1, 54, 14, 6441, 1),
(218, 1, 54, 14, 44672, 2),
(219, 2, 54, 14, 27842, 1),
(220, 2, 54, 14, 24108, 2),
(221, 1, 54, 141, 3697, 1),
(222, 1, 54, 141, 28041, 2),
(223, 2, 54, 141, 18746, 1),
(224, 2, 54, 141, 15035, 2),
(225, 2, 54, 142, 16538, 1),
(226, 2, 54, 142, 12293, 2),
(227, 1, 54, 142, 3770, 1),
(228, 1, 54, 142, 24179, 2),
(229, 2, 54, 143, 130009, 1),
(230, 2, 54, 143, 102134, 2),
(231, 1, 54, 143, 26611, 1),
(232, 1, 54, 143, 195492, 2),
(233, 2, 54, 144, 74056, 1),
(234, 2, 54, 144, 57139, 2),
(235, 1, 54, 144, 11434, 1),
(236, 1, 54, 144, 117528, 2),
(237, 2, 54, 145, 99431, 1),
(238, 2, 54, 145, 81672, 2),
(239, 1, 54, 145, 8851, 1),
(240, 1, 54, 145, 163682, 2),
(241, 2, 54, 146, 52834, 1),
(242, 1, 54, 146, 8868, 1),
(243, 2, 54, 146, 43251, 2),
(244, 1, 54, 146, 84339, 2),
(245, 2, 54, 147, 929, 1),
(246, 1, 54, 147, 165, 1),
(247, 1, 54, 147, 866, 2),
(248, 2, 54, 147, 477, 2),
(249, 1, 54, 148, 139, 1),
(250, 2, 54, 148, 1462, 1),
(251, 1, 54, 148, 224, 2),
(252, 2, 54, 148, 111, 2),
(253, 2, 54, 149, 1783, 1),
(254, 1, 54, 149, 296, 1),
(255, 2, 54, 149, 994, 2),
(256, 1, 54, 149, 1969, 2),
(257, 1, 54, 15, 34466, 1),
(258, 2, 54, 15, 90552, 1),
(259, 1, 54, 15, 141267, 2),
(260, 2, 54, 15, 79605, 2),
(261, 1, 54, 150, 63, 1),
(262, 1, 54, 150, 320, 2),
(263, 2, 54, 150, 319, 1),
(264, 2, 54, 150, 146, 2),
(265, 1, 54, 16, 6989, 1),
(266, 1, 54, 16, 44195, 2),
(267, 2, 54, 16, 25241, 1),
(268, 2, 54, 16, 24458, 2),
(269, 1, 54, 17, 10054, 1),
(270, 1, 54, 17, 87401, 2),
(271, 2, 54, 17, 43525, 1),
(272, 2, 54, 17, 50941, 2),
(273, 2, 54, 18, 27242, 1),
(274, 1, 54, 18, 7888, 1),
(275, 2, 54, 18, 28216, 2),
(276, 1, 54, 18, 48746, 2),
(277, 1, 54, 19, 8099, 1),
(278, 1, 54, 19, 57242, 2),
(279, 2, 54, 19, 29311, 1),
(280, 2, 54, 19, 31121, 2),
(281, 2, 54, 2, 113208, 1),
(282, 2, 54, 2, 83300, 2),
(283, 1, 54, 2, 23775, 1),
(284, 1, 54, 2, 169125, 2),
(285, 1, 54, 20, 2955, 1),
(286, 1, 54, 20, 34828, 2),
(287, 2, 54, 20, 18631, 1),
(288, 2, 54, 20, 18593, 2),
(289, 1, 54, 21, 2295, 1),
(290, 1, 54, 21, 23488, 2),
(291, 2, 54, 21, 11412, 1),
(292, 2, 54, 21, 13473, 2),
(293, 2, 54, 22, 298353, 1),
(294, 1, 54, 22, 108957, 1),
(295, 2, 54, 22, 258303, 2),
(296, 1, 54, 22, 460143, 2),
(297, 1, 54, 23, 62882, 1),
(298, 1, 54, 23, 286667, 2),
(299, 2, 54, 23, 177000, 1),
(300, 2, 54, 23, 157935, 2),
(301, 1, 54, 24, 8759, 1),
(302, 2, 54, 24, 31574, 1),
(303, 2, 54, 24, 28052, 2),
(304, 1, 54, 24, 52646, 2),
(305, 2, 54, 25, 21744, 1),
(306, 2, 54, 25, 18380, 2),
(307, 1, 54, 25, 8916, 1),
(308, 1, 54, 25, 34102, 2),
(309, 2, 54, 26, 6344, 1),
(310, 2, 54, 26, 5504, 2),
(311, 1, 54, 26, 1244, 1),
(312, 1, 54, 26, 10291, 2),
(313, 2, 54, 27, 34918, 1),
(314, 1, 54, 27, 14584, 1),
(315, 2, 54, 27, 39144, 2),
(316, 1, 54, 27, 66431, 2),
(317, 2, 54, 28, 14252, 1),
(318, 1, 54, 28, 4158, 1),
(319, 2, 54, 28, 17419, 2),
(320, 1, 54, 28, 29758, 2),
(321, 2, 54, 29, 21380, 1),
(322, 1, 54, 29, 5094, 1),
(323, 2, 54, 29, 21286, 2),
(324, 1, 54, 29, 37020, 2),
(325, 2, 54, 3, 15005, 1),
(326, 1, 54, 3, 2097, 1),
(327, 2, 54, 3, 12641, 2),
(328, 1, 54, 3, 26271, 2),
(329, 2, 54, 30, 48091, 1),
(330, 2, 54, 30, 51524, 2),
(331, 1, 54, 30, 16609, 1),
(332, 1, 54, 30, 90327, 2),
(333, 2, 54, 31, 32172, 1),
(334, 2, 54, 31, 35696, 2),
(335, 1, 54, 31, 8467, 1),
(336, 1, 54, 31, 62395, 2),
(337, 2, 54, 32, 3876, 1),
(338, 1, 54, 32, 1093, 1),
(339, 1, 54, 32, 8287, 2),
(340, 2, 54, 32, 5328, 2),
(341, 2, 54, 33, 21806, 1),
(342, 2, 54, 33, 19977, 2),
(343, 1, 54, 33, 5436, 1),
(344, 1, 54, 33, 34930, 2),
(345, 1, 54, 34, 1999, 1),
(346, 2, 54, 34, 8249, 1),
(347, 1, 54, 34, 13623, 2),
(348, 2, 54, 34, 7085, 2),
(349, 2, 54, 35, 294894, 1),
(350, 1, 54, 35, 114481, 1),
(351, 2, 54, 35, 214361, 2),
(352, 1, 54, 35, 376908, 2),
(353, 2, 54, 36, 57539, 1),
(354, 1, 54, 36, 15391, 1),
(355, 2, 54, 36, 44088, 2),
(356, 1, 54, 36, 80514, 2),
(357, 1, 54, 37, 37975, 1),
(358, 1, 54, 37, 160167, 2),
(359, 2, 54, 37, 110556, 1),
(360, 2, 54, 37, 86151, 2),
(361, 2, 54, 38, NULL, 1),
(362, 2, 54, 38, NULL, 2),
(363, 1, 54, 38, NULL, 1),
(364, 1, 54, 38, NULL, 2),
(365, 1, 54, 39, 24694, 1),
(366, 2, 54, 39, 69669, 1),
(367, 1, 54, 39, 108765, 2),
(368, 2, 54, 39, 61647, 2),
(369, 2, 54, 4, 15882, 1),
(370, 2, 54, 4, 16129, 2),
(371, 1, 54, 4, 4051, 1),
(372, 1, 54, 4, 29856, 2),
(373, 2, 54, 40, 38414, 1),
(374, 1, 54, 40, 9077, 1),
(375, 2, 54, 40, 29439, 2),
(376, 1, 54, 40, 58910, 2),
(377, 2, 54, 41, 15966, 1),
(378, 1, 54, 41, 4617, 1),
(379, 1, 54, 41, 23339, 2),
(380, 2, 54, 41, 13288, 2),
(381, 2, 54, 42, 17512, 1),
(382, 2, 54, 42, 17224, 2),
(383, 1, 54, 42, 5193, 1),
(384, 1, 54, 42, 29887, 2),
(385, 2, 54, 43, 139398, 1),
(386, 1, 54, 43, 47598, 1),
(387, 2, 54, 43, 116186, 2),
(388, 1, 54, 43, 203335, 2),
(389, 2, 54, 44, 139112, 1),
(390, 2, 54, 44, 116014, 2),
(391, 1, 54, 44, 39421, 1),
(392, 1, 54, 44, 212660, 2),
(393, 2, 54, 45, 30735, 1),
(394, 2, 54, 45, 25986, 2),
(395, 1, 54, 45, 12447, 1),
(396, 1, 54, 45, 44271, 2),
(397, 2, 54, 46, 64383, 1),
(398, 1, 54, 46, 15305, 1),
(399, 1, 54, 46, 109767, 2),
(400, 2, 54, 46, 58263, 2),
(401, 2, 54, 47, 21440, 1),
(402, 1, 54, 47, 5708, 1),
(403, 1, 54, 47, 34763, 2),
(404, 2, 54, 47, 18489, 2),
(405, 2, 54, 48, 8323, 1),
(406, 2, 54, 48, 9729, 2),
(407, 1, 54, 48, 2152, 1),
(408, 1, 54, 48, 17713, 2),
(409, 2, 54, 49, 914063, 1),
(410, 2, 54, 49, 733923, 2),
(411, 1, 54, 49, 426185, 1),
(412, 1, 54, 49, 1269470, 2),
(413, 2, 54, 5, 48913, 1),
(414, 2, 54, 5, 40469, 2),
(415, 1, 54, 5, 11822, 1),
(416, 1, 54, 5, 80432, 2),
(417, 1, 54, 50, 32418, 1),
(418, 1, 54, 50, 113569, 2),
(419, 2, 54, 50, 76931, 1),
(420, 2, 54, 50, 64946, 2),
(421, 2, 54, 51, 85441, 1),
(422, 2, 54, 51, 70601, 2),
(423, 1, 54, 51, 32719, 1),
(424, 1, 54, 51, 123514, 2),
(425, 1, 54, 52, 22230, 1),
(426, 1, 54, 52, 110488, 2),
(427, 2, 54, 52, 76242, 1),
(428, 2, 54, 52, 62704, 2),
(429, 2, 54, 53, 32838, 1),
(430, 2, 54, 53, 27731, 2),
(431, 1, 54, 53, 8992, 1),
(432, 1, 54, 53, 50242, 2),
(433, 2, 54, 54, 31420, 1),
(434, 1, 54, 54, 10558, 1),
(435, 2, 54, 54, 25425, 2),
(436, 1, 54, 54, 45645, 2),
(437, 2, 54, 55, 73812, 1),
(438, 2, 54, 55, 62581, 2),
(439, 1, 54, 55, 23702, 1),
(440, 1, 54, 55, 111972, 2),
(441, 1, 54, 56, 19556, 1),
(442, 1, 54, 56, 91191, 2),
(443, 2, 54, 56, 55809, 1),
(444, 2, 54, 56, 49874, 2),
(445, 2, 54, 57, 23006, 1),
(446, 2, 54, 57, 19540, 2),
(447, 1, 54, 57, 7273, 1),
(448, 1, 54, 57, 35863, 2),
(449, 2, 54, 58, 32654, 1),
(450, 2, 54, 58, 22510, 2),
(451, 1, 54, 58, 7739, 1),
(452, 1, 54, 58, 39195, 2),
(453, 2, 54, 6, 37417, 1),
(454, 1, 54, 6, 8700, 1),
(455, 2, 54, 6, 35418, 2),
(456, 1, 54, 6, 68382, 2),
(457, 2, 54, 60, 80543, 1),
(458, 2, 54, 60, 75872, 2),
(459, 1, 54, 60, 26249, 1),
(460, 1, 54, 60, 142898, 2),
(461, 1, 54, 61, 5736, 1),
(462, 2, 54, 61, 22631, 1),
(463, 1, 54, 61, 45645, 2),
(464, 2, 54, 61, 26177, 2),
(465, 1, 54, 62, 12301, 1),
(466, 1, 54, 62, 93693, 2),
(467, 2, 54, 62, 51634, 1),
(468, 2, 54, 62, 47947, 2),
(469, 2, 54, 63, 54841, 1),
(470, 2, 54, 63, 53960, 2),
(471, 1, 54, 63, 16484, 1),
(472, 1, 54, 63, 102323, 2),
(473, 1, 54, 64, 28220, 1),
(474, 1, 54, 64, 165480, 2),
(475, 2, 54, 64, 89191, 1),
(476, 2, 54, 64, 92021, 2),
(477, 2, 54, 65, 151478, 1),
(478, 2, 54, 65, 125870, 2),
(479, 1, 54, 65, 92265, 1),
(480, 1, 54, 65, 203104, 2),
(481, 2, 54, 66, 240781, 1),
(482, 2, 54, 66, 208820, 2),
(483, 1, 54, 66, 102482, 1),
(484, 1, 54, 66, 355816, 2),
(485, 2, 54, 67, 141051, 1),
(486, 1, 54, 67, 60789, 1),
(487, 1, 54, 67, 196788, 2),
(488, 2, 54, 67, 116762, 2),
(489, 1, 54, 68, 62614, 1),
(490, 2, 54, 68, 155682, 1),
(491, 2, 54, 68, 137990, 2),
(492, 1, 54, 68, 241645, 2),
(493, 2, 54, 69, 64777, 1),
(494, 2, 54, 69, 69420, 2),
(495, 1, 54, 69, 25421, 1),
(496, 1, 54, 69, 120053, 2),
(497, 2, 54, 7, 21550, 1),
(498, 1, 54, 7, 5905, 1),
(499, 2, 54, 7, 22794, 2),
(500, 1, 54, 7, 40019, 2),
(501, 2, 54, 70, 43192, 1),
(502, 2, 54, 70, 39874, 2),
(503, 1, 54, 70, 11700, 1),
(504, 1, 54, 70, 73668, 2),
(505, 2, 54, 71, 33634, 1),
(506, 2, 54, 71, 30367, 2),
(507, 1, 54, 71, 11722, 1),
(508, 1, 54, 71, 55190, 2),
(509, 1, 54, 72, 23122, 1),
(510, 2, 54, 72, 65112, 1),
(511, 2, 54, 72, 52604, 2),
(512, 1, 54, 72, 89141, 2),
(513, 2, 54, 73, 11895, 1),
(514, 2, 54, 73, 10389, 2),
(515, 1, 54, 73, 2464, 1),
(516, 1, 54, 73, 17756, 2),
(517, 1, 54, 74, 587, 1),
(518, 1, 54, 74, 3018, 2),
(519, 2, 54, 74, 2742, 1),
(520, 2, 54, 74, 1639, 2),
(521, 1, 54, 75, 3493, 1),
(522, 1, 54, 75, 21438, 2),
(523, 2, 54, 75, 12234, 1),
(524, 2, 54, 75, 12851, 2),
(525, 1, 54, 76, 975, 1),
(526, 1, 54, 76, 20572, 2),
(527, 2, 54, 76, 13819, 1),
(528, 2, 54, 76, 9354, 2),
(529, 2, 54, 77, 49651, 1),
(530, 2, 54, 77, 36737, 2),
(531, 1, 54, 77, 4486, 1),
(532, 1, 54, 77, 80788, 2),
(533, 1, 54, 78, 5203, 1),
(534, 1, 54, 78, 75460, 2),
(535, 2, 54, 78, 41010, 1),
(536, 2, 54, 78, 33362, 2),
(537, 2, 54, 79, 11320, 1),
(538, 2, 54, 79, 9935, 2),
(539, 1, 54, 79, 1087, 1),
(540, 1, 54, 79, 19751, 2),
(541, 1, 54, 8, 4908, 1),
(542, 2, 54, 8, 15738, 1),
(543, 2, 54, 8, 15985, 2),
(544, 1, 54, 8, 29830, 2),
(545, 1, 54, 80, 2936, 1),
(546, 1, 54, 80, 49589, 2),
(547, 2, 54, 80, 31388, 1),
(548, 2, 54, 80, 22428, 2),
(549, 1, 54, 81, 2140, 1),
(550, 2, 54, 81, 23667, 1),
(551, 1, 54, 81, 39097, 2),
(552, 2, 54, 81, 17931, 2),
(553, 2, 54, 82, 33672, 1),
(554, 2, 54, 82, 29398, 2),
(555, 1, 54, 82, 5126, 1),
(556, 1, 54, 82, 57641, 2),
(557, 2, 54, 83, 18159, 1),
(558, 2, 54, 83, 16310, 2),
(559, 1, 54, 83, 4769, 1),
(560, 1, 54, 83, 29904, 2),
(561, 2, 54, 84, 98329, 1),
(562, 2, 54, 84, 79887, 2),
(563, 1, 54, 84, 13481, 1),
(564, 1, 54, 84, 157287, 2),
(565, 1, 54, 85, 7502, 1),
(566, 1, 54, 85, 146258, 2),
(567, 2, 54, 85, 82069, 1),
(568, 2, 54, 85, 71447, 2),
(569, 2, 54, 86, 138618, 1),
(570, 2, 54, 86, 111147, 2),
(571, 1, 54, 86, 14536, 1),
(572, 1, 54, 86, 223493, 2),
(573, 2, 54, 87, 107666, 1),
(574, 2, 54, 87, 89339, 2),
(575, 1, 54, 87, 8206, 1),
(576, 1, 54, 87, 177893, 2),
(577, 2, 54, 88, 95941, 1),
(578, 2, 54, 88, 77288, 2),
(579, 1, 54, 88, 8707, 1),
(580, 1, 54, 88, 161601, 2),
(581, 2, 54, 89, 61652, 1),
(582, 2, 54, 89, 46842, 2),
(583, 1, 54, 89, 4624, 1),
(584, 1, 54, 89, 95276, 2),
(585, 1, 54, 9, 108635, 1),
(586, 1, 54, 9, 388737, 2),
(587, 2, 54, 9, 259263, 1),
(588, 2, 54, 9, 217386, 2),
(589, 1, 54, 90, 10105, 1),
(590, 1, 54, 90, 155629, 2),
(591, 2, 54, 90, 102899, 1),
(592, 2, 54, 90, 77460, 2),
(593, 1, 54, 91, 4002, 1),
(594, 1, 54, 91, 68385, 2),
(595, 2, 54, 91, 43820, 1),
(596, 2, 54, 91, 34853, 2),
(597, 2, 54, 92, 51398, 1),
(598, 2, 54, 92, 58395, 2),
(599, 1, 54, 92, 6980, 1),
(600, 1, 54, 92, 107269, 2),
(601, 1, 54, 93, 13128, 1),
(602, 1, 54, 93, 84143, 2),
(603, 2, 54, 93, 42083, 1),
(604, 2, 54, 93, 44176, 2),
(605, 1, 54, 94, 7414, 1),
(606, 1, 54, 94, 73503, 2),
(607, 2, 54, 94, 44229, 1),
(608, 2, 54, 94, 38071, 2),
(609, 2, 54, 95, 55017, 1),
(610, 2, 54, 95, 66362, 2),
(611, 1, 54, 95, 6380, 1),
(612, 1, 54, 95, 118418, 2),
(613, 2, 54, 96, 53446, 1),
(614, 2, 54, 96, 70763, 2),
(615, 1, 54, 96, 5584, 1),
(616, 1, 54, 96, 125049, 2),
(617, 1, 54, 97, 732, 1),
(618, 2, 54, 97, 6144, 1),
(619, 1, 54, 97, 9124, 2),
(620, 2, 54, 97, 4332, 2),
(621, 1, 54, 98, 4287, 1),
(622, 2, 54, 98, 42841, 1),
(623, 2, 54, 98, 30228, 2),
(624, 1, 54, 98, 65639, 2),
(625, 1, 54, 99, 5507, 1),
(626, 1, 54, 99, 56354, 2),
(627, 2, 54, 99, 36535, 1),
(628, 2, 54, 99, 26746, 2);

-- --------------------------------------------------------

--
-- Structure de la table `province`
--

CREATE TABLE `province` (
  `id_p` int(11) NOT NULL,
  `province` varchar(200) NOT NULL,
  `id_r` int(11) DEFAULT NULL
) ENGINE=InnoDB DEFAULT CHARSET=utf8mb4 COLLATE=utf8mb4_general_ci;

--
-- Déchargement des données de la table `province`
--

INSERT INTO `province` (`id_p`, `province`, `id_r`) VALUES
(1, 'Oujda-Angad', 1),
(2, 'Nador', 1),
(3, 'Driouch', 1),
(4, 'Jerada', 1),
(5, 'Berkan', 1),
(6, 'Taourirt', 1),
(7, 'Guercif', 1),
(8, 'Figuig', 1),
(9, 'Marrakech', 2),
(10, 'Chichaoua', 2),
(11, 'Al Haouz', 2),
(12, 'Kelâa des Sraghna', 2),
(13, 'Essaouira', 2),
(14, 'Rehamna', 2),
(15, 'Safi', 2),
(16, 'Youssoufia', 2),
(17, 'Errachidia', 3),
(18, 'Ouarzazate', 3),
(19, 'Midelt', 3),
(20, 'Tinghir', 3),
(21, 'Zagora​', 3),
(22, 'Fès', 4),
(23, 'Meknès', 4),
(24, 'El Hajeb', 4),
(25, 'Ifrane', 4),
(26, 'Moulay Yacoub', 4),
(27, 'Sefrou', 4),
(28, 'Boulemane', 4),
(29, 'Taounate', 4),
(30, 'Taza', 4),
(31, 'Guelmim', 5),
(32, 'Assa-Zag', 5),
(33, 'Tan-Tan', 5),
(34, 'Sidi Ifni', 5),
(35, 'Tanger-Assilah', 6),
(36, 'M\'diq-Fnideq', 6),
(37, 'Tétouan', 6),
(38, 'Fahs-Anjra', 6),
(39, 'Larache', 6),
(40, 'Al Hoceima', 6),
(41, 'Chefchaouen', 6),
(42, 'Ouazzane', 6),
(43, 'Agadir Ida-Ou-Tanane', 7),
(44, 'Inezgane-Aït Melloul', 7),
(45, 'Chtouka-Aït Baha', 7),
(46, 'Taroudannt', 7),
(47, 'Tiznit', 7),
(48, 'Tata', 7),
(49, 'Casablanca', 8),
(50, 'Mohammadia', 8),
(51, 'El Jadida', 8),
(52, 'Nouaceur', 8),
(53, 'Médiouna', 8),
(54, 'Benslimane', 8),
(55, 'Berrechid', 8),
(56, 'Settat', 8),
(57, 'Sidi Bennour', 8),
(58, 'Oued Ed-Dahab', 9),
(59, 'Aousserd​', 9),
(60, 'Béni Mellal', 10),
(61, 'Azilal', 10),
(62, 'Fquih Ben Salah', 10),
(63, 'Khénifra', 10),
(64, 'Khouribga​', 10),
(65, 'Rabat', 11),
(66, 'Salé', 11),
(67, 'Skhirate-Témara', 11),
(68, 'Kénitra', 11),
(69, 'Khémisset', 11),
(70, 'Sidi Kacem', 11),
(71, 'Sidi Slimane', 11),
(72, 'Laâyoune', 12),
(73, 'Boujdour', 12),
(74, 'Tarfaya', 12),
(75, 'Es-Semara​', 12);

-- --------------------------------------------------------

--
-- Structure de la table `region`
--

CREATE TABLE `region` (
  `id_r` int(11) NOT NULL,
  `region` varchar(255) NOT NULL
) ENGINE=InnoDB DEFAULT CHARSET=utf8mb4 COLLATE=utf8mb4_general_ci;

--
-- Déchargement des données de la table `region`
--

INSERT INTO `region` (`id_r`, `region`) VALUES
(1, 'L’Oriental'),
(2, 'Marrakech-Safi'),
(3, 'Drâa-Tafilalet'),
(4, 'Fès-Meknès'),
(5, 'Guelmim-oued Noun'),
(6, 'Tanger-Tétouan-Al Hoceima'),
(7, 'Souss-Massa'),
(8, 'Casablanca-Settat'),
(9, 'Dakhla-Oued Eddahab'),
(10, 'Beni Mellal-Khénifra'),
(11, 'Rabat-Salé-Kénitra'),
(12, 'Laâyoune-Sakia Al Hamra');

-- --------------------------------------------------------

--
-- Structure de la table `situation`
--

CREATE TABLE `situation` (
  `id_s` int(11) NOT NULL,
  `situation` varchar(200) DEFAULT NULL
) ENGINE=InnoDB DEFAULT CHARSET=utf8mb4 COLLATE=utf8mb4_general_ci;

--
-- Déchargement des données de la table `situation`
--

INSERT INTO `situation` (`id_s`, `situation`) VALUES
(1, 'Employeur'),
(2, 'Indépendant'),
(3, 'Salarié dans le secteur public'),
(4, 'Salarié dans le secteur privé'),
(5, 'Aide familiale'),
(6, 'Apprenti'),
(7, 'Associé ou partenaire'),
(8, 'Autre');

-- --------------------------------------------------------

--
-- Structure de la table `taux_danalphabetisme`
--

CREATE TABLE `taux_danalphabetisme` (
  `id_tda` int(11) NOT NULL,
  `id_a` int(11) DEFAULT NULL,
  `id_g` int(11) DEFAULT NULL,
  `id_m` int(11) DEFAULT NULL,
  `val` float DEFAULT NULL,
  `taux_sco_enfants_age_7_12` float DEFAULT NULL
) ENGINE=InnoDB DEFAULT CHARSET=utf8mb4 COLLATE=utf8mb4_general_ci;

--
-- Déchargement des données de la table `taux_danalphabetisme`
--

INSERT INTO `taux_danalphabetisme` (`id_tda`, `id_a`, `id_g`, `id_m`, `val`, `taux_sco_enfants_age_7_12`) VALUES
(2064, 54, 2, 1, 13.4, 97.6),
(2065, 54, 1, 1, 28.9, 97.7),
(2066, 54, 1, 10, 42.6, 96.3),
(2067, 54, 2, 10, 20.7, 97.7),
(2068, 54, 2, 100, 42.9, 90.4),
(2069, 54, 1, 100, 63.5, 86.7),
(2070, 54, 2, 101, 35.5, 94),
(2071, 54, 1, 101, 61.4, 91.1),
(2072, 54, 2, 102, 35.7, 93.7),
(2073, 54, 1, 102, 62.5, 89.6),
(2074, 54, 2, 103, 34.2, 91),
(2075, 54, 1, 103, 63.3, 85.6),
(2076, 54, 1, 104, 65.8, 86.5),
(2077, 54, 2, 104, 35.5, 91.7),
(2078, 54, 1, 105, 65.5, 88.3),
(2079, 54, 2, 105, 36.6, 93.2),
(2080, 54, 2, 106, 23.9, 94.5),
(2081, 54, 1, 106, 53.7, 90),
(2082, 54, 1, 107, 65.3, 67.3),
(2083, 54, 2, 107, 44.6, 75.8),
(2084, 54, 1, 108, 59.3, 65.3),
(2085, 54, 2, 108, 45.9, 71.7),
(2086, 54, 1, 109, 63.8, 92.7),
(2087, 54, 2, 109, 31.8, 97.3),
(2088, 54, 1, 11, 38.4, 98),
(2089, 54, 2, 11, 17.3, 98.3),
(2090, 54, 1, 110, 53, 94.5),
(2091, 54, 2, 110, 32.1, 94.4),
(2092, 54, 1, 111, 48.2, 94.8),
(2093, 54, 2, 111, 22.5, 93.9),
(2094, 54, 1, 112, 58, 87.4),
(2095, 54, 2, 112, 33, 87.1),
(2096, 54, 2, 113, 27.9, 92.5),
(2097, 54, 1, 113, 51.4, 93.9),
(2098, 54, 1, 114, 62.1, 90.5),
(2099, 54, 2, 114, 39.4, 90.7),
(2100, 54, 2, 115, 30.8, 91.7),
(2101, 54, 1, 115, 60.5, 89),
(2102, 54, 1, 116, 58.4, 88.6),
(2103, 54, 2, 116, 28.3, 89.5),
(2104, 54, 2, 117, 28.1, 96.6),
(2105, 54, 1, 117, 59.3, 95.6),
(2106, 54, 2, 118, 32.5, 95.5),
(2107, 54, 1, 118, 59.9, 91.5),
(2108, 54, 1, 119, 47.9, 97.6),
(2109, 54, 2, 119, 23.9, 98.4),
(2110, 54, 2, 12, 18.1, 97.6),
(2111, 54, 1, 12, 38.3, 97.5),
(2112, 54, 2, 120, 26.4, 96.8),
(2113, 54, 1, 120, 56.6, 94.1),
(2114, 54, 1, 121, 57.8, 94.5),
(2115, 54, 2, 121, 32.7, 96.4),
(2116, 54, 2, 122, 24.2, 96.7),
(2117, 54, 1, 122, 60.5, 93.2),
(2118, 54, 2, 123, 25.6, 97),
(2119, 54, 1, 123, 53.7, 95.1),
(2120, 54, 1, 125, 41.7, 96.5),
(2121, 54, 2, 125, 21.4, 97.1),
(2122, 54, 2, 126, 39, 91.6),
(2123, 54, 1, 126, 63.9, 87.8),
(2124, 54, 1, 127, 41, 97.1),
(2125, 54, 2, 127, 20.3, 97.3),
(2126, 54, 2, 128, 22.2, 97.2),
(2127, 54, 1, 128, 41.1, 96.5),
(2128, 54, 1, 129, 55.7, 90.7),
(2129, 54, 2, 129, 30.8, 93.6),
(2130, 54, 1, 13, 35.5, 97.2),
(2131, 54, 2, 13, 16, 98.1),
(2132, 54, 1, 130, 55.5, 90.6),
(2133, 54, 2, 130, 33.3, 93.5),
(2134, 54, 1, 131, 63.6, 88.3),
(2135, 54, 2, 131, 39.5, 91.5),
(2136, 54, 2, 132, 40, 93.2),
(2137, 54, 1, 132, 65.3, 90.1),
(2138, 54, 2, 133, 32, 89.7),
(2139, 54, 1, 133, 40.5, 95.5),
(2140, 54, 1, 134, 27.5, 93),
(2141, 54, 2, 134, 24.8, 98.2),
(2142, 54, 1, 135, 59.3, 89.8),
(2143, 54, 2, 135, 35.8, 92.9),
(2144, 54, 2, 136, 39.2, 91.8),
(2145, 54, 1, 136, 64.9, 87.5),
(2146, 54, 1, 137, 56.6, 92.6),
(2147, 54, 2, 137, 31.6, 95),
(2148, 54, 2, 138, 48.4, 90.5),
(2149, 54, 1, 138, 69.9, 86.3),
(2150, 54, 2, 139, 35.4, 93.5),
(2151, 54, 1, 139, 61.5, 91),
(2152, 54, 1, 14, 36.8, 97.6),
(2153, 54, 2, 14, 19.4, 97.5),
(2154, 54, 1, 141, 56.8, 89.1),
(2155, 54, 2, 141, 33.8, 91.4),
(2156, 54, 2, 142, 27.3, 95.7),
(2157, 54, 1, 142, 46.6, 94.9),
(2158, 54, 2, 143, 41.5, 90.6),
(2159, 54, 1, 143, 65, 89),
(2160, 54, 1, 144, 66.4, 83.9),
(2161, 54, 2, 144, 40, 90.6),
(2162, 54, 1, 145, 59.7, 94),
(2163, 54, 2, 145, 35.2, 95.1),
(2164, 54, 2, 146, 34.6, 93.2),
(2165, 54, 1, 146, 61, 91),
(2166, 54, 2, 147, 21.6, 95.7),
(2167, 54, 1, 147, 42.3, 94.7),
(2168, 54, 2, 148, 42.4, 38.1),
(2169, 54, 1, 148, 70.3, 41.7),
(2170, 54, 2, 149, 26.9, 95.3),
(2171, 54, 1, 149, 47.9, 94.6),
(2172, 54, 2, 15, 14.2, 97.6),
(2173, 54, 1, 15, 31.1, 98),
(2174, 54, 1, 150, 64.2, 41.7),
(2175, 54, 2, 150, 36.6, 71.4),
(2176, 54, 2, 16, 15.6, 97.4),
(2177, 54, 1, 16, 36.1, 97.4),
(2178, 54, 1, 17, 27.9, 98.6),
(2179, 54, 2, 17, 9.7, 98.5),
(2180, 54, 2, 18, 9.9, 98.5),
(2181, 54, 1, 18, 29.2, 98.3),
(2182, 54, 2, 19, 16.8, 98.2),
(2183, 54, 1, 19, 37.8, 98.2),
(2184, 54, 2, 2, 18.2, 96.7),
(2185, 54, 1, 2, 38.2, 96.2),
(2186, 54, 2, 20, 12.4, 97.6),
(2187, 54, 1, 20, 37.4, 96.9),
(2188, 54, 1, 21, 36.7, 98.1),
(2189, 54, 2, 21, 14.7, 97.3),
(2190, 54, 2, 22, 17.7, 96.9),
(2191, 54, 1, 22, 34.3, 97.4),
(2192, 54, 1, 23, 29.8, 98.2),
(2193, 54, 2, 23, 12.7, 97.9),
(2194, 54, 1, 24, 40.8, 96.6),
(2195, 54, 2, 24, 19.7, 97.5),
(2196, 54, 2, 25, 15.6, 97.6),
(2197, 54, 1, 25, 34.9, 98.2),
(2198, 54, 2, 26, 26.9, 95.9),
(2199, 54, 1, 26, 50, 95.9),
(2200, 54, 1, 27, 36.9, 97.7),
(2201, 54, 2, 27, 16, 98.1),
(2202, 54, 1, 28, 39.8, 97.9),
(2203, 54, 2, 28, 16.8, 97.8),
(2204, 54, 1, 29, 38.9, 97.2),
(2205, 54, 2, 29, 17.6, 97.1),
(2206, 54, 2, 3, 23.9, 96.5),
(2207, 54, 1, 3, 48, 94.7),
(2208, 54, 2, 30, 15.7, 98.2),
(2209, 54, 1, 30, 37.1, 98.4),
(2210, 54, 1, 31, 34.7, 98.2),
(2211, 54, 2, 31, 15.8, 98.4),
(2212, 54, 1, 32, 37.1, 97.2),
(2213, 54, 2, 32, 20.1, 98.3),
(2214, 54, 1, 33, 32.3, 98.2),
(2215, 54, 2, 33, 16, 98.2),
(2216, 54, 2, 34, 15.1, 98.4),
(2217, 54, 1, 34, 38.7, 98.9),
(2218, 54, 2, 35, 12.6, 97.4),
(2219, 54, 1, 35, 28.9, 97.5),
(2220, 54, 2, 36, 15.1, 97.5),
(2221, 54, 1, 36, 32.4, 97.8),
(2222, 54, 2, 37, 12.6, 98.1),
(2223, 54, 1, 37, 29.5, 98.4),
(2224, 54, 1, 38, NULL, NULL),
(2225, 54, 2, 38, NULL, NULL),
(2226, 54, 2, 39, 15.4, 97.4),
(2227, 54, 1, 39, 34.2, 97.5),
(2228, 54, 1, 4, 40.1, 97),
(2229, 54, 2, 4, 20.6, 97.3),
(2230, 54, 2, 40, 16.5, 97.9),
(2231, 54, 1, 40, 38.1, 97.3),
(2232, 54, 2, 41, 12.9, 98),
(2233, 54, 1, 41, 32.3, 98),
(2234, 54, 1, 42, 35.5, 98.7),
(2235, 54, 2, 42, 14.1, 98.7),
(2236, 54, 1, 43, 27.6, 98.7),
(2237, 54, 2, 43, 11.3, 98.7),
(2238, 54, 2, 44, 16.2, 98.2),
(2239, 54, 1, 44, 35.8, 98),
(2240, 54, 2, 45, 20.9, 97.3),
(2241, 54, 1, 45, 44.3, 96.2),
(2242, 54, 1, 46, 38.2, 97.9),
(2243, 54, 2, 46, 17, 98),
(2244, 54, 1, 47, 33.7, 99.1),
(2245, 54, 2, 47, 10.4, 98.9),
(2246, 54, 2, 48, 12.5, 99.2),
(2247, 54, 1, 48, 35.9, 98.9),
(2248, 54, 2, 49, 10, 98.1),
(2249, 54, 1, 49, 24, 98.3),
(2250, 54, 2, 5, 18, 96.8),
(2251, 54, 1, 5, 37.8, 96.9),
(2252, 54, 1, 50, 25.8, 98.4),
(2253, 54, 2, 50, 11, 98.5),
(2254, 54, 1, 51, 27.5, 98.1),
(2255, 54, 2, 51, 12.3, 97.9),
(2256, 54, 1, 52, 34.5, 97.8),
(2257, 54, 2, 52, 17.3, 97.9),
(2258, 54, 2, 53, 17.4, 97.1),
(2259, 54, 1, 53, 32.8, 97.4),
(2260, 54, 2, 54, 13.1, 98.1),
(2261, 54, 1, 54, 30.1, 98),
(2262, 54, 2, 55, 15.4, 97.5),
(2263, 54, 1, 55, 31.1, 97.6),
(2264, 54, 2, 56, 16.1, 97.3),
(2265, 54, 1, 56, 33.8, 97.5),
(2266, 54, 1, 57, 37.1, 97),
(2267, 54, 2, 57, 19.1, 96.1),
(2268, 54, 1, 58, 28.5, 97.8),
(2269, 54, 2, 58, 15, 98.4),
(2270, 54, 2, 6, 23.1, 96.4),
(2271, 54, 1, 6, 44.2, 96.5),
(2272, 54, 1, 60, 36.1, 97.9),
(2273, 54, 2, 60, 16.3, 97.7),
(2274, 54, 1, 61, 39.6, 98.2),
(2275, 54, 2, 61, 17.2, 98.5),
(2276, 54, 1, 62, 42.5, 97),
(2277, 54, 2, 62, 21.4, 97),
(2278, 54, 1, 63, 44.2, 98.3),
(2279, 54, 2, 63, 23.1, 98.1),
(2280, 54, 2, 64, 13.3, 98.2),
(2281, 54, 1, 64, 34, 98.2),
(2282, 54, 2, 65, 8.6, 98.4),
(2283, 54, 1, 65, 21.9, 98.6),
(2284, 54, 2, 66, 12, 98.2),
(2285, 54, 1, 66, 27.9, 98.2),
(2286, 54, 2, 67, 13.6, 98.2),
(2287, 54, 1, 67, 27.7, 98.2),
(2288, 54, 1, 68, 30.3, 97.3),
(2289, 54, 2, 68, 14.1, 97.3),
(2290, 54, 1, 69, 39.2, 97.6),
(2291, 54, 2, 69, 17.6, 97.6),
(2292, 54, 1, 7, 41.2, 95.8),
(2293, 54, 2, 7, 20.3, 96.5),
(2294, 54, 1, 70, 36.6, 97.6),
(2295, 54, 2, 70, 16.9, 97.5),
(2296, 54, 2, 71, 15.8, 96.5),
(2297, 54, 1, 71, 36.5, 96.9),
(2298, 54, 2, 72, 12.5, 97.8),
(2299, 54, 1, 72, 26.8, 97.8),
(2300, 54, 1, 73, 35.5, 98.6),
(2301, 54, 2, 73, 21.5, 98.2),
(2302, 54, 1, 74, 32.5, 96.8),
(2303, 54, 2, 74, 17.8, 98.4),
(2304, 54, 2, 75, 14.1, 98.3),
(2305, 54, 1, 75, 28.4, 98.5),
(2306, 54, 1, 76, 59.2, 84.5),
(2307, 54, 2, 76, 35.7, 90.2),
(2308, 54, 2, 77, 29.8, 93.2),
(2309, 54, 1, 77, 53.6, 89.5),
(2310, 54, 2, 78, 35.6, 90.7),
(2311, 54, 1, 78, 62.8, 86.9),
(2312, 54, 2, 79, 41.8, 85.7),
(2313, 54, 1, 79, 62.5, 81.6),
(2314, 54, 1, 8, 33.6, 97.4),
(2315, 54, 2, 8, 18, 97.6),
(2316, 54, 1, 80, 54.5, 91.3),
(2317, 54, 2, 80, 30.1, 94.2),
(2318, 54, 2, 81, 44.7, 85.8),
(2319, 54, 1, 81, 68.7, 80.5),
(2320, 54, 2, 82, 37.9, 88.8),
(2321, 54, 1, 82, 61.9, 82.3),
(2322, 54, 1, 83, 75.3, 52.3),
(2323, 54, 2, 83, 59, 60.1),
(2324, 54, 1, 84, 46.6, 94.5),
(2325, 54, 2, 84, 28.4, 95.9),
(2326, 54, 2, 85, 42.9, 92.7),
(2327, 54, 1, 85, 65.7, 89.8),
(2328, 54, 2, 86, 34.7, 95.1),
(2329, 54, 1, 86, 59.9, 93),
(2330, 54, 2, 87, 35.3, 95.6),
(2331, 54, 1, 87, 58.3, 93.8),
(2332, 54, 1, 88, 68.2, 88.3),
(2333, 54, 2, 88, 44.7, 93.6),
(2334, 54, 1, 89, 63.4, 89.9),
(2335, 54, 2, 89, 43.1, 93.5),
(2336, 54, 1, 9, 28.1, 98.2),
(2337, 54, 2, 9, 13, 98),
(2338, 54, 2, 90, 40, 93.6),
(2339, 54, 1, 90, 63.6, 89.9),
(2340, 54, 2, 91, 44, 91.3),
(2341, 54, 1, 91, 66.9, 85),
(2342, 54, 2, 92, 20.1, 96.5),
(2343, 54, 1, 92, 44.5, 95.5),
(2344, 54, 2, 93, 28.1, 96.6),
(2345, 54, 1, 93, 55, 94.6),
(2346, 54, 1, 94, 63.8, 84.9),
(2347, 54, 2, 94, 40.7, 88.6),
(2348, 54, 2, 95, 27.6, 93.5),
(2349, 54, 1, 95, 53.7, 91),
(2350, 54, 1, 96, 52.2, 94.5),
(2351, 54, 2, 96, 24.7, 96.2),
(2352, 54, 2, 97, 27.2, 94.4),
(2353, 54, 1, 97, 54, 92.1),
(2354, 54, 2, 98, 31.6, 94.6),
(2355, 54, 1, 98, 58, 91.4),
(2356, 54, 1, 99, 57, 92),
(2357, 54, 2, 99, 32.8, 94.7);

-- --------------------------------------------------------

--
-- Structure de la table `taux_emploii`
--

CREATE TABLE `taux_emploii` (
  `id_te` int(14) NOT NULL,
  `id_a` int(14) DEFAULT NULL,
  `id_g` int(14) DEFAULT NULL,
  `id_m` int(11) DEFAULT NULL,
  `val_chomage` double DEFAULT NULL,
  `val_activites` double DEFAULT NULL
) ENGINE=InnoDB DEFAULT CHARSET=utf8mb4 COLLATE=utf8mb4_general_ci;

--
-- Déchargement des données de la table `taux_emploii`
--

INSERT INTO `taux_emploii` (`id_te`, `id_a`, `id_g`, `id_m`, `val_chomage`, `val_activites`) VALUES
(24, 54, 1, 1, 43.8, 21),
(25, 54, 2, 1, 20.6, 71),
(26, 54, 2, 10, 8.4, 76.4),
(27, 54, 1, 10, 25, 16.2),
(28, 54, 2, 100, 4.5, 81.2),
(29, 54, 1, 100, 23.4, 16.1),
(30, 54, 2, 101, 4.6, 84.6),
(31, 54, 1, 101, 25.1, 7.6),
(32, 54, 1, 102, 18.5, 16.7),
(33, 54, 2, 102, 8.8, 76.5),
(34, 54, 1, 103, 22.7, 14.4),
(35, 54, 2, 103, 7.9, 76),
(36, 54, 2, 104, 8.2, 78.4),
(37, 54, 1, 104, 21.9, 13.5),
(38, 54, 1, 105, 36.6, 9.9),
(39, 54, 2, 105, 10.1, 77.3),
(40, 54, 2, 106, 27.1, 65.6),
(41, 54, 1, 106, 57.5, 9.8),
(42, 54, 1, 107, 68.5, 20.1),
(43, 54, 2, 107, 39, 72.1),
(44, 54, 2, 108, 10.8, 82.2),
(45, 54, 1, 108, 22.7, 21.5),
(46, 54, 2, 109, 18.8, 62.7),
(47, 54, 1, 109, 26.1, 9.8),
(48, 54, 1, 11, 30.4, 17.6),
(49, 54, 2, 11, 9.8, 75.6),
(50, 54, 1, 110, 24.3, 20.1),
(51, 54, 2, 110, 10.6, 81.4),
(52, 54, 1, 111, 38.8, 13.3),
(53, 54, 2, 111, 17.5, 78.8),
(54, 54, 1, 112, 24, 16.7),
(55, 54, 2, 112, 8.5, 82.5),
(56, 54, 1, 113, 30.2, 15),
(57, 54, 2, 113, 13, 78.5),
(58, 54, 1, 114, 19.8, 18.1),
(59, 54, 2, 114, 6.6, 81.5),
(60, 54, 2, 115, 11.7, 78.9),
(61, 54, 1, 115, 21.8, 18.6),
(62, 54, 2, 116, 5.1, 79.1),
(63, 54, 1, 116, 11.5, 20.9),
(64, 54, 1, 117, 16.2, 19.2),
(65, 54, 2, 117, 9, 73.7),
(66, 54, 2, 118, 8.4, 74.8),
(67, 54, 1, 118, 22.5, 8.7),
(68, 54, 2, 119, 13, 75.4),
(69, 54, 1, 119, 24.3, 11.2),
(70, 54, 2, 12, 12.8, 73.6),
(71, 54, 1, 12, 34.5, 18.7),
(72, 54, 1, 120, 17.2, 12.5),
(73, 54, 2, 120, 8.2, 75.5),
(74, 54, 2, 121, 9.6, 73.8),
(75, 54, 1, 121, 21.3, 10.8),
(76, 54, 2, 122, 16.1, 62),
(77, 54, 1, 122, 66.9, 6.3),
(78, 54, 1, 123, 61.9, 5.7),
(79, 54, 2, 123, 21.7, 56.7),
(80, 54, 1, 125, 24.4, 18),
(81, 54, 2, 125, 12.3, 78.6),
(82, 54, 2, 126, 5.6, 83.3),
(83, 54, 1, 126, 17.1, 14.2),
(84, 54, 2, 127, 9.8, 79.9),
(85, 54, 1, 127, 23.2, 16.9),
(86, 54, 2, 128, 9.2, 81.4),
(87, 54, 1, 128, 23, 16.4),
(88, 54, 1, 129, 41.4, 9.7),
(89, 54, 2, 129, 9.3, 80.6),
(90, 54, 1, 13, 30.4, 25.5),
(91, 54, 2, 13, 10.9, 76.6),
(92, 54, 1, 130, 38.2, 9),
(93, 54, 2, 130, 8.9, 81.5),
(94, 54, 2, 131, 6.6, 81.8),
(95, 54, 1, 131, 33.7, 7.1),
(96, 54, 1, 132, 23.1, 11.7),
(97, 54, 2, 132, 5.7, 81.3),
(98, 54, 2, 133, 0.2, 99.7),
(99, 54, 1, 133, 11.5, 48.4),
(100, 54, 1, 134, 29.3, 36),
(101, 54, 2, 134, 3.5, 95.1),
(102, 54, 1, 135, 22, 11.6),
(103, 54, 2, 135, 7.9, 77.5),
(104, 54, 1, 136, 20.6, 10.6),
(105, 54, 2, 136, 5.5, 78.2),
(106, 54, 2, 137, 6.1, 80.2),
(107, 54, 1, 137, 23.4, 9),
(108, 54, 2, 138, 6.1, 80.9),
(109, 54, 1, 138, 21.9, 11.8),
(110, 54, 2, 139, 11.8, 78.9),
(111, 54, 1, 139, 40, 9.5),
(112, 54, 2, 14, 11.9, 76.9),
(113, 54, 1, 14, 41, 17.7),
(114, 54, 1, 141, 28.4, 17.1),
(115, 54, 2, 141, 9.6, 82.1),
(116, 54, 1, 142, 30.2, 19.2),
(117, 54, 2, 142, 10.5, 81.6),
(118, 54, 2, 143, 5.2, 83.8),
(119, 54, 1, 143, 15.6, 17.4),
(120, 54, 1, 144, 36.2, 12.1),
(121, 54, 2, 144, 9, 79.6),
(122, 54, 1, 145, 43.4, 7.4),
(123, 54, 2, 145, 8.8, 80.2),
(124, 54, 2, 146, 10.8, 81.1),
(125, 54, 1, 146, 31.2, 13.5),
(126, 54, 2, 147, 10.9, 85.8),
(127, 54, 1, 147, 66.1, 22.4),
(128, 54, 1, 148, 52.9, 46.3),
(129, 54, 2, 148, 3.1, 98.4),
(130, 54, 1, 149, 30, 17.5),
(131, 54, 2, 149, 11.7, 84.1),
(132, 54, 1, 15, 36.9, 25.9),
(133, 54, 2, 15, 18.5, 71.9),
(134, 54, 2, 150, 12.1, 89),
(135, 54, 1, 150, 68.3, 22),
(136, 54, 1, 16, 53, 18.4),
(137, 54, 2, 16, 22.6, 70),
(138, 54, 1, 17, 45.3, 14.6),
(139, 54, 2, 17, 13.7, 67.1),
(140, 54, 1, 18, 36.5, 19.6),
(141, 54, 2, 18, 12.6, 71),
(142, 54, 2, 19, 14.8, 68.8),
(143, 54, 1, 19, 42.5, 16.9),
(144, 54, 2, 2, 17, 77.2),
(145, 54, 1, 2, 37.8, 16.3),
(146, 54, 1, 20, 43.3, 10.8),
(147, 54, 2, 20, 15.2, 70.1),
(148, 54, 1, 21, 43.2, 13),
(149, 54, 2, 21, 12.8, 68.8),
(150, 54, 2, 22, 15.3, 73.7),
(151, 54, 1, 22, 31.8, 25.8),
(152, 54, 1, 23, 33.6, 23.6),
(153, 54, 2, 23, 16.2, 71.4),
(154, 54, 1, 24, 32.5, 19.2),
(155, 54, 2, 24, 13, 73.4),
(156, 54, 2, 25, 14.1, 73.1),
(157, 54, 1, 25, 35.8, 26.9),
(158, 54, 2, 26, 11.4, 82.4),
(159, 54, 1, 26, 27, 16.4),
(160, 54, 2, 27, 18.3, 65.3),
(161, 54, 1, 27, 32.7, 23.8),
(162, 54, 2, 28, 15.7, 65.6),
(163, 54, 1, 28, 42, 17),
(164, 54, 2, 29, 13.9, 72.4),
(165, 54, 1, 29, 38.2, 17.2),
(166, 54, 1, 3, 38.8, 9.8),
(167, 54, 2, 3, 14.4, 73.8),
(168, 54, 2, 30, 19.5, 65.5),
(169, 54, 1, 30, 40.9, 20.3),
(170, 54, 2, 31, 21.7, 67.2),
(171, 54, 1, 31, 57.1, 16.3),
(172, 54, 2, 32, 29.4, 62),
(173, 54, 1, 32, 74.5, 16.4),
(174, 54, 2, 33, 18, 73.9),
(175, 54, 1, 33, 49.1, 18.9),
(176, 54, 1, 34, 55.6, 16.8),
(177, 54, 2, 34, 19.8, 71.4),
(178, 54, 2, 35, 12.9, 78.5),
(179, 54, 1, 35, 21.1, 31.4),
(180, 54, 1, 36, 31.7, 22.5),
(181, 54, 2, 36, 14.2, 79),
(182, 54, 1, 37, 32.8, 25.3),
(183, 54, 2, 37, 17.5, 75.2),
(184, 54, 2, 38, NULL, NULL),
(185, 54, 1, 38, NULL, NULL),
(186, 54, 1, 39, 31.4, 24.9),
(187, 54, 2, 39, 15.2, 72.8),
(188, 54, 1, 4, 61.7, 15.7),
(189, 54, 2, 4, 29.9, 68.6),
(190, 54, 2, 40, 15.7, 74.9),
(191, 54, 1, 40, 45.4, 17.4),
(192, 54, 1, 41, 37.6, 22.9),
(193, 54, 2, 41, 12.8, 75.5),
(194, 54, 2, 42, 16, 69.1),
(195, 54, 1, 42, 39.1, 19.9),
(196, 54, 2, 43, 13, 74),
(197, 54, 1, 43, 27, 25.6),
(198, 54, 2, 44, 12.1, 76.2),
(199, 54, 1, 44, 28, 21.6),
(200, 54, 2, 45, 8.3, 78.9),
(201, 54, 1, 45, 14.5, 31.3),
(202, 54, 2, 46, 12.3, 74.6),
(203, 54, 1, 46, 29.1, 16.9),
(204, 54, 1, 47, 31, 19),
(205, 54, 2, 47, 9.7, 73.2),
(206, 54, 2, 48, 13.2, 67.2),
(207, 54, 1, 48, 54.4, 14.9),
(208, 54, 1, 49, 25.1, 32.5),
(209, 54, 2, 49, 16.1, 73.3),
(210, 54, 2, 5, 15.3, 72.5),
(211, 54, 1, 5, 38.5, 16.6),
(212, 54, 1, 50, 27.1, 29.1),
(213, 54, 2, 50, 16.5, 72.7),
(214, 54, 2, 51, 13.2, 74.9),
(215, 54, 1, 51, 29, 28.3),
(216, 54, 1, 52, 22.4, 24.3),
(217, 54, 2, 52, 9.9, 79.9),
(218, 54, 1, 53, 25.6, 21.6),
(219, 54, 2, 53, 12.2, 78.4),
(220, 54, 2, 54, 13.9, 75.2),
(221, 54, 1, 54, 33.6, 25.4),
(222, 54, 2, 55, 13.4, 76.7),
(223, 54, 1, 55, 30.8, 24.4),
(224, 54, 2, 56, 15.5, 73.3),
(225, 54, 1, 56, 35.4, 23.7),
(226, 54, 1, 57, 29, 23.5),
(227, 54, 2, 57, 10.7, 76.8),
(228, 54, 2, 58, 8.2, 83.8),
(229, 54, 1, 58, 30.3, 24.8),
(230, 54, 2, 6, 19.4, 72.5),
(231, 54, 1, 6, 41.9, 15.4),
(232, 54, 2, 60, 15.3, 71.2),
(233, 54, 1, 60, 35.8, 20.6),
(234, 54, 1, 61, 31.8, 15.4),
(235, 54, 2, 61, 11.5, 66.9),
(236, 54, 1, 62, 33.4, 15.9),
(237, 54, 2, 62, 13.4, 73.9),
(238, 54, 2, 63, 16.5, 69.2),
(239, 54, 1, 63, 41.4, 18.3),
(240, 54, 1, 64, 47.7, 19.5),
(241, 54, 2, 64, 22.3, 68.9),
(242, 54, 1, 65, 22.7, 38.8),
(243, 54, 2, 65, 15.2, 69.7),
(244, 54, 2, 66, 15.1, 72.7),
(245, 54, 1, 66, 30.4, 29.7),
(246, 54, 1, 67, 23.5, 31.9),
(247, 54, 2, 67, 12, 75.3),
(248, 54, 2, 68, 15.3, 72.7),
(249, 54, 1, 68, 30.3, 27.6),
(250, 54, 2, 69, 18.7, 66.7),
(251, 54, 1, 69, 40.3, 23.2),
(252, 54, 2, 7, 13.9, 70.5),
(253, 54, 1, 7, 34.5, 17.9),
(254, 54, 1, 70, 41.9, 18.5),
(255, 54, 2, 70, 15.5, 72),
(256, 54, 2, 71, 19, 73.2),
(257, 54, 1, 71, 39.9, 23.5),
(258, 54, 2, 72, 21.8, 77.1),
(259, 54, 1, 72, 56.3, 28.7),
(260, 54, 2, 73, 12.6, 77.4),
(261, 54, 1, 73, 50.8, 18.1),
(262, 54, 1, 74, 54.2, 23.9),
(263, 54, 2, 74, 12.1, 85.4),
(264, 54, 1, 75, 57.8, 20.3),
(265, 54, 2, 75, 17.7, 72.3),
(266, 54, 1, 76, 63, 6.3),
(267, 54, 2, 76, 18.7, 83.2),
(268, 54, 2, 77, 12.2, 79),
(269, 54, 1, 77, 47.1, 7.1),
(270, 54, 1, 78, 73.5, 8.3),
(271, 54, 2, 78, 21.6, 74.6),
(272, 54, 2, 79, 21.4, 79.6),
(273, 54, 1, 79, 68.6, 7.6),
(274, 54, 1, 8, 50.8, 19),
(275, 54, 2, 8, 21.8, 70.1),
(276, 54, 2, 80, 10.5, 78.3),
(277, 54, 1, 80, 50.4, 7.4),
(278, 54, 2, 81, 13.1, 82.5),
(279, 54, 1, 81, 53.1, 7.2),
(280, 54, 2, 82, 9.5, 78.4),
(281, 54, 1, 82, 31.4, 11.5),
(282, 54, 2, 83, 9.9, 82.3),
(283, 54, 1, 83, 17.6, 19.9),
(284, 54, 2, 84, 8, 82.2),
(285, 54, 1, 84, 34.7, 11.7),
(286, 54, 1, 85, 30.2, 6.9),
(287, 54, 2, 85, 4.8, 80.1),
(288, 54, 2, 86, 6, 80.7),
(289, 54, 1, 86, 31.3, 8.8),
(290, 54, 2, 87, 6.7, 80.5),
(291, 54, 1, 87, 33.8, 6.4),
(292, 54, 2, 88, 5.5, 80.8),
(293, 54, 1, 88, 29.4, 7),
(294, 54, 1, 89, 33.7, 6.6),
(295, 54, 2, 89, 6.2, 83.4),
(296, 54, 1, 9, 27.5, 29),
(297, 54, 2, 9, 13.1, 73.8),
(298, 54, 1, 90, 27.3, 8.5),
(299, 54, 2, 90, 4.7, 83.3),
(300, 54, 1, 91, 27.9, 8),
(301, 54, 2, 91, 5.7, 83.9),
(302, 54, 1, 92, 35.1, 8.6),
(303, 54, 2, 92, 9.1, 68.8),
(304, 54, 2, 93, 8.2, 72.2),
(305, 54, 1, 93, 10.3, 18.5),
(306, 54, 2, 94, 8.9, 77.8),
(307, 54, 1, 94, 21.3, 13),
(308, 54, 2, 95, 16.1, 68.6),
(309, 54, 1, 95, 38.6, 7.4),
(310, 54, 2, 96, 12.9, 67.2),
(311, 54, 1, 96, 44.6, 6.2),
(312, 54, 2, 97, 9.3, 84.1),
(313, 54, 1, 97, 45.2, 10.5),
(314, 54, 1, 98, 25.2, 8.5),
(315, 54, 2, 98, 6.2, 82.6),
(316, 54, 2, 99, 5.2, 81.5),
(317, 54, 1, 99, 21.4, 12.3);

-- --------------------------------------------------------

--
-- Structure de la table `taux_langue_parle`
--

CREATE TABLE `taux_langue_parle` (
  `id_tlp` int(11) NOT NULL,
  `id_a` int(11) NOT NULL,
  `id_g` int(11) NOT NULL,
  `id_m` int(11) NOT NULL,
  `val` double DEFAULT NULL,
  `id_l` int(11) NOT NULL
) ENGINE=InnoDB DEFAULT CHARSET=utf8mb4 COLLATE=utf8mb4_general_ci;

--
-- Déchargement des données de la table `taux_langue_parle`
--

INSERT INTO `taux_langue_parle` (`id_tlp`, `id_a`, `id_g`, `id_m`, `val`, `id_l`) VALUES
(8263, 54, 2, 1, 23.9, 1),
(8264, 54, 1, 1, 24.2, 1),
(8265, 54, 2, 1, 51.9, 2),
(8266, 54, 2, 1, 21.5, 3),
(8267, 54, 1, 1, 49.3, 2),
(8268, 54, 1, 1, 24.5, 3),
(8269, 54, 2, 1, 2.7, 4),
(8270, 54, 1, 1, 2, 4),
(8271, 54, 2, 10, 30.7, 1),
(8272, 54, 2, 10, 46.9, 2),
(8273, 54, 2, 10, 20.1, 3),
(8274, 54, 2, 10, 2.3, 4),
(8275, 54, 1, 10, 28.3, 1),
(8276, 54, 1, 10, 48.5, 2),
(8277, 54, 1, 10, 21.3, 3),
(8278, 54, 1, 10, 1.9, 4),
(8279, 54, 2, 100, 27, 1),
(8280, 54, 1, 100, 30.2, 1),
(8281, 54, 2, 100, 44.4, 2),
(8282, 54, 2, 100, 10.1, 3),
(8283, 54, 1, 100, 42.3, 2),
(8284, 54, 2, 100, 18.5, 4),
(8285, 54, 1, 100, 10.7, 3),
(8286, 54, 1, 100, 16.9, 4),
(8287, 54, 2, 101, 40.4, 1),
(8288, 54, 2, 101, 51.3, 2),
(8289, 54, 2, 101, 7.2, 3),
(8290, 54, 2, 101, 1.1, 4),
(8291, 54, 1, 101, 40.3, 1),
(8292, 54, 1, 101, 51.4, 2),
(8293, 54, 1, 101, 7.1, 3),
(8294, 54, 1, 101, 1.2, 4),
(8295, 54, 2, 102, 28.9, 1),
(8296, 54, 2, 102, 51.4, 2),
(8297, 54, 2, 102, 10.2, 3),
(8298, 54, 2, 102, 9.5, 4),
(8299, 54, 1, 102, 31.9, 1),
(8300, 54, 1, 102, 50.1, 2),
(8301, 54, 1, 102, 9.8, 3),
(8302, 54, 1, 102, 8.2, 4),
(8303, 54, 2, 103, 33.3, 1),
(8304, 54, 2, 103, 45.6, 2),
(8305, 54, 2, 103, 10.9, 3),
(8306, 54, 2, 103, 10.2, 4),
(8307, 54, 1, 103, 39, 1),
(8308, 54, 1, 103, 43.1, 2),
(8309, 54, 1, 103, 8.7, 3),
(8310, 54, 1, 103, 9.2, 4),
(8311, 54, 1, 104, 45.6, 1),
(8312, 54, 2, 104, 44.1, 1),
(8313, 54, 1, 104, 47.1, 2),
(8314, 54, 2, 104, 47.1, 2),
(8315, 54, 1, 104, 6.9, 3),
(8316, 54, 2, 104, 8.3, 3),
(8317, 54, 1, 104, 0.5, 4),
(8318, 54, 2, 104, 0.5, 4),
(8319, 54, 1, 105, 39, 1),
(8320, 54, 1, 105, 50.4, 2),
(8321, 54, 1, 105, 8.5, 3),
(8322, 54, 1, 105, 2.1, 4),
(8323, 54, 2, 105, 38.4, 1),
(8324, 54, 2, 105, 50.4, 2),
(8325, 54, 2, 105, 9.2, 3),
(8326, 54, 2, 105, 2.1, 4),
(8327, 54, 2, 106, 30.5, 1),
(8328, 54, 2, 106, 28.1, 2),
(8329, 54, 2, 106, 9.5, 3),
(8330, 54, 2, 106, 31.9, 4),
(8331, 54, 1, 106, 32.8, 1),
(8332, 54, 1, 106, 24.8, 2),
(8333, 54, 1, 106, 10.3, 3),
(8334, 54, 1, 106, 32, 4),
(8335, 54, 1, 107, 44.9, 1),
(8336, 54, 1, 107, 40, 2),
(8337, 54, 1, 107, 14.4, 3),
(8338, 54, 1, 107, 0.7, 4),
(8339, 54, 2, 107, 42, 1),
(8340, 54, 2, 107, 43.4, 2),
(8341, 54, 2, 107, 13.8, 3),
(8342, 54, 2, 107, 0.8, 4),
(8343, 54, 1, 108, 39.4, 1),
(8344, 54, 1, 108, 38.2, 2),
(8345, 54, 1, 108, 20.7, 3),
(8346, 54, 1, 108, 1.8, 4),
(8347, 54, 2, 108, 41.3, 1),
(8348, 54, 2, 108, 41, 2),
(8349, 54, 2, 108, 16.1, 3),
(8350, 54, 2, 108, 1.6, 4),
(8351, 54, 2, 109, 32.5, 1),
(8352, 54, 2, 109, 22.9, 2),
(8353, 54, 2, 109, 5.5, 3),
(8354, 54, 2, 109, 39.1, 4),
(8355, 54, 1, 109, 30, 1),
(8356, 54, 1, 109, 24.5, 2),
(8357, 54, 1, 109, 3.6, 3),
(8358, 54, 1, 109, 41.8, 4),
(8359, 54, 1, 11, 29.9, 1),
(8360, 54, 2, 11, 31.5, 1),
(8361, 54, 1, 11, 47.3, 2),
(8362, 54, 1, 11, 20.9, 3),
(8363, 54, 2, 11, 47.4, 2),
(8364, 54, 1, 11, 1.9, 4),
(8365, 54, 2, 11, 18.9, 3),
(8366, 54, 2, 11, 2.2, 4),
(8367, 54, 2, 110, 57.4, 1),
(8368, 54, 2, 110, 35.9, 2),
(8369, 54, 2, 110, 4.8, 3),
(8370, 54, 2, 110, 1.9, 4),
(8371, 54, 1, 110, 50.4, 1),
(8372, 54, 1, 110, 41.9, 2),
(8373, 54, 1, 110, 6, 3),
(8374, 54, 1, 110, 1.7, 4),
(8375, 54, 1, 111, 55, 1),
(8376, 54, 1, 111, 33.9, 2),
(8377, 54, 1, 111, 1.5, 3),
(8378, 54, 1, 111, 9.7, 4),
(8379, 54, 2, 111, 69.6, 1),
(8380, 54, 2, 111, 22.2, 2),
(8381, 54, 2, 111, 0.7, 3),
(8382, 54, 2, 111, 7.5, 4),
(8383, 54, 2, 112, 70.9, 1),
(8384, 54, 2, 112, 25.2, 2),
(8385, 54, 2, 112, 2.2, 3),
(8386, 54, 2, 112, 1.6, 4),
(8387, 54, 1, 112, 52.9, 1),
(8388, 54, 1, 112, 41.5, 2),
(8389, 54, 1, 112, 4.2, 3),
(8390, 54, 1, 112, 1.4, 4),
(8391, 54, 2, 113, 65.7, 1),
(8392, 54, 2, 113, 28.1, 2),
(8393, 54, 2, 113, 4.2, 3),
(8394, 54, 2, 113, 2, 4),
(8395, 54, 1, 113, 49.2, 1),
(8396, 54, 1, 113, 43.7, 2),
(8397, 54, 1, 113, 5.4, 3),
(8398, 54, 1, 113, 1.7, 4),
(8399, 54, 2, 114, 54.7, 1),
(8400, 54, 1, 114, 46.3, 1),
(8401, 54, 2, 114, 39.7, 2),
(8402, 54, 2, 114, 4.2, 3),
(8403, 54, 1, 114, 48.7, 2),
(8404, 54, 2, 114, 1.4, 4),
(8405, 54, 1, 114, 3.9, 3),
(8406, 54, 1, 114, 1.1, 4),
(8407, 54, 1, 115, 45.9, 1),
(8408, 54, 2, 115, 48.7, 1),
(8409, 54, 2, 115, 36.6, 2),
(8410, 54, 1, 115, 39.7, 2),
(8411, 54, 2, 115, 6.1, 3),
(8412, 54, 2, 115, 8.6, 4),
(8413, 54, 1, 115, 5.1, 3),
(8414, 54, 1, 115, 9.4, 4),
(8415, 54, 1, 116, 53.5, 1),
(8416, 54, 1, 116, 41.6, 2),
(8417, 54, 1, 116, 4.1, 3),
(8418, 54, 1, 116, 0.8, 4),
(8419, 54, 2, 116, 63.2, 1),
(8420, 54, 2, 116, 31.2, 2),
(8421, 54, 2, 116, 4.4, 3),
(8422, 54, 2, 116, 1.2, 4),
(8423, 54, 2, 117, 43.4, 1),
(8424, 54, 2, 117, 45.5, 2),
(8425, 54, 2, 117, 10.5, 3),
(8426, 54, 2, 117, 0.6, 4),
(8427, 54, 1, 117, 43.7, 1),
(8428, 54, 1, 117, 48, 2),
(8429, 54, 1, 117, 8, 3),
(8430, 54, 1, 117, 0.4, 4),
(8431, 54, 2, 118, 49.4, 1),
(8432, 54, 1, 118, 51.2, 1),
(8433, 54, 2, 118, 40.4, 2),
(8434, 54, 2, 118, 6.6, 3),
(8435, 54, 1, 118, 40.2, 2),
(8436, 54, 2, 118, 3.6, 4),
(8437, 54, 1, 118, 5, 3),
(8438, 54, 1, 118, 3.6, 4),
(8439, 54, 2, 119, 35.3, 1),
(8440, 54, 1, 119, 37, 1),
(8441, 54, 2, 119, 44.2, 2),
(8442, 54, 1, 119, 42.7, 2),
(8443, 54, 2, 119, 13.5, 3),
(8444, 54, 1, 119, 13.6, 3),
(8445, 54, 2, 119, 7.1, 4),
(8446, 54, 1, 119, 6.7, 4),
(8447, 54, 2, 12, 29.8, 1),
(8448, 54, 2, 12, 45.8, 2),
(8449, 54, 2, 12, 21.9, 3),
(8450, 54, 2, 12, 2.5, 4),
(8451, 54, 1, 12, 27.5, 1),
(8452, 54, 1, 12, 47, 2),
(8453, 54, 1, 12, 24, 3),
(8454, 54, 1, 12, 1.5, 4),
(8455, 54, 2, 120, 30.3, 1),
(8456, 54, 2, 120, 28.3, 2),
(8457, 54, 2, 120, 8.2, 3),
(8458, 54, 2, 120, 33.2, 4),
(8459, 54, 1, 120, 31.5, 1),
(8460, 54, 1, 120, 29.1, 2),
(8461, 54, 1, 120, 6.7, 3),
(8462, 54, 1, 120, 32.7, 4),
(8463, 54, 1, 121, 43, 1),
(8464, 54, 1, 121, 40, 2),
(8465, 54, 1, 121, 6.4, 3),
(8466, 54, 1, 121, 10.6, 4),
(8467, 54, 2, 121, 42.9, 1),
(8468, 54, 2, 121, 39.6, 2),
(8469, 54, 2, 121, 8.5, 3),
(8470, 54, 2, 121, 9.1, 4),
(8471, 54, 1, 122, 30.2, 1),
(8472, 54, 1, 122, 27, 2),
(8473, 54, 1, 122, 6.2, 3),
(8474, 54, 1, 122, 36.6, 4),
(8475, 54, 2, 122, 30.7, 1),
(8476, 54, 2, 122, 25.8, 2),
(8477, 54, 2, 122, 8.3, 3),
(8478, 54, 2, 122, 35.2, 4),
(8479, 54, 2, 123, 42.4, 1),
(8480, 54, 1, 123, 46.1, 1),
(8481, 54, 2, 123, 37.5, 2),
(8482, 54, 2, 123, 12.6, 3),
(8483, 54, 1, 123, 37, 2),
(8484, 54, 2, 123, 7.5, 4),
(8485, 54, 1, 123, 10.2, 3),
(8486, 54, 1, 123, 6.8, 4),
(8487, 54, 2, 125, 44.1, 1),
(8488, 54, 2, 125, 45.5, 2),
(8489, 54, 2, 125, 9.6, 3),
(8490, 54, 2, 125, 0.8, 4),
(8491, 54, 1, 125, 42.8, 1),
(8492, 54, 1, 125, 45.4, 2),
(8493, 54, 1, 125, 11, 3),
(8494, 54, 1, 125, 0.8, 4),
(8495, 54, 1, 126, 40.1, 1),
(8496, 54, 2, 126, 44.6, 1),
(8497, 54, 1, 126, 50.7, 2),
(8498, 54, 2, 126, 47.5, 2),
(8499, 54, 1, 126, 8.6, 3),
(8500, 54, 1, 126, 0.7, 4),
(8501, 54, 2, 126, 7.2, 3),
(8502, 54, 2, 126, 0.7, 4),
(8503, 54, 1, 127, 36.5, 1),
(8504, 54, 1, 127, 49.7, 2),
(8505, 54, 1, 127, 12.5, 3),
(8506, 54, 1, 127, 1.3, 4),
(8507, 54, 2, 127, 39.5, 1),
(8508, 54, 2, 127, 49.2, 2),
(8509, 54, 2, 127, 10.2, 3),
(8510, 54, 2, 127, 1.2, 4),
(8511, 54, 2, 128, 41.5, 1),
(8512, 54, 2, 128, 47.9, 2),
(8513, 54, 2, 128, 9.5, 3),
(8514, 54, 2, 128, 1.1, 4),
(8515, 54, 1, 128, 39.1, 1),
(8516, 54, 1, 128, 48, 2),
(8517, 54, 1, 128, 12, 3),
(8518, 54, 1, 128, 0.9, 4),
(8519, 54, 2, 129, 40, 1),
(8520, 54, 1, 129, 38.1, 1),
(8521, 54, 2, 129, 48.8, 2),
(8522, 54, 1, 129, 49, 2),
(8523, 54, 2, 129, 10.4, 3),
(8524, 54, 1, 129, 12.1, 3),
(8525, 54, 2, 129, 0.8, 4),
(8526, 54, 1, 129, 0.8, 4),
(8527, 54, 1, 13, 22.8, 1),
(8528, 54, 1, 13, 47.1, 2),
(8529, 54, 1, 13, 24.2, 3),
(8530, 54, 1, 13, 5.9, 4),
(8531, 54, 2, 13, 26, 1),
(8532, 54, 2, 13, 46.8, 2),
(8533, 54, 2, 13, 20.5, 3),
(8534, 54, 2, 13, 6.7, 4),
(8535, 54, 2, 130, 42.4, 1),
(8536, 54, 2, 130, 47.9, 2),
(8537, 54, 2, 130, 8.8, 3),
(8538, 54, 2, 130, 0.9, 4),
(8539, 54, 1, 130, 41.5, 1),
(8540, 54, 1, 130, 48.1, 2),
(8541, 54, 1, 130, 9.4, 3),
(8542, 54, 1, 130, 0.9, 4),
(8543, 54, 2, 131, 44.3, 1),
(8544, 54, 2, 131, 48.1, 2),
(8545, 54, 2, 131, 6.6, 3),
(8546, 54, 2, 131, 0.9, 4),
(8547, 54, 1, 131, 42.5, 1),
(8548, 54, 1, 131, 49.6, 2),
(8549, 54, 1, 131, 7.2, 3),
(8550, 54, 1, 131, 0.7, 4),
(8551, 54, 2, 132, 45.3, 1),
(8552, 54, 2, 132, 46.4, 2),
(8553, 54, 2, 132, 7.7, 3),
(8554, 54, 2, 132, 0.6, 4),
(8555, 54, 1, 132, 41.5, 1),
(8556, 54, 1, 132, 50.1, 2),
(8557, 54, 1, 132, 7.9, 3),
(8558, 54, 1, 132, 0.5, 4),
(8559, 54, 2, 133, 66.7, 1),
(8560, 54, 1, 133, 45.9, 1),
(8561, 54, 2, 133, 27.1, 2),
(8562, 54, 1, 133, 41.7, 2),
(8563, 54, 2, 133, 3.6, 3),
(8564, 54, 1, 133, 9.6, 3),
(8565, 54, 2, 133, 2.6, 4),
(8566, 54, 1, 133, 2.8, 4),
(8567, 54, 1, 134, 50.3, 1),
(8568, 54, 1, 134, 35.2, 2),
(8569, 54, 1, 134, 11.6, 3),
(8570, 54, 1, 134, 2.9, 4),
(8571, 54, 2, 134, 51.1, 1),
(8572, 54, 2, 134, 35.3, 2),
(8573, 54, 2, 134, 8, 3),
(8574, 54, 2, 134, 5.5, 4),
(8575, 54, 2, 135, 31.2, 1),
(8576, 54, 1, 135, 34.4, 1),
(8577, 54, 2, 135, 47.4, 2),
(8578, 54, 1, 135, 47.5, 2),
(8579, 54, 2, 135, 11.4, 3),
(8580, 54, 1, 135, 10.3, 3),
(8581, 54, 2, 135, 9.9, 4),
(8582, 54, 1, 135, 7.8, 4),
(8583, 54, 2, 136, 42, 1),
(8584, 54, 2, 136, 46.2, 2),
(8585, 54, 2, 136, 9, 3),
(8586, 54, 2, 136, 2.8, 4),
(8587, 54, 1, 136, 43.9, 1),
(8588, 54, 1, 136, 45.9, 2),
(8589, 54, 1, 136, 7.6, 3),
(8590, 54, 1, 136, 2.6, 4),
(8591, 54, 1, 137, 43.8, 1),
(8592, 54, 1, 137, 46.9, 2),
(8593, 54, 1, 137, 8.7, 3),
(8594, 54, 1, 137, 0.6, 4),
(8595, 54, 2, 137, 41.4, 1),
(8596, 54, 2, 137, 47.6, 2),
(8597, 54, 2, 137, 9.5, 3),
(8598, 54, 2, 137, 1.4, 4),
(8599, 54, 2, 138, 29.3, 1),
(8600, 54, 2, 138, 42.5, 2),
(8601, 54, 2, 138, 8.5, 3),
(8602, 54, 2, 138, 19.7, 4),
(8603, 54, 1, 138, 29.8, 1),
(8604, 54, 1, 138, 42.6, 2),
(8605, 54, 1, 138, 7.1, 3),
(8606, 54, 1, 138, 20.5, 4),
(8607, 54, 2, 139, 36.5, 1),
(8608, 54, 2, 139, 51.8, 2),
(8609, 54, 2, 139, 10.9, 3),
(8610, 54, 2, 139, 0.8, 4),
(8611, 54, 1, 139, 36.3, 1),
(8612, 54, 1, 139, 52.7, 2),
(8613, 54, 1, 139, 10.5, 3),
(8614, 54, 1, 139, 0.6, 4),
(8615, 54, 2, 14, 26.2, 1),
(8616, 54, 2, 14, 50.2, 2),
(8617, 54, 2, 14, 22.3, 3),
(8618, 54, 2, 14, 1.3, 4),
(8619, 54, 1, 14, 25.1, 1),
(8620, 54, 1, 14, 48.7, 2),
(8621, 54, 1, 14, 25.1, 3),
(8622, 54, 1, 14, 1.1, 4),
(8623, 54, 1, 141, 43.4, 1),
(8624, 54, 1, 141, 46.5, 2),
(8625, 54, 1, 141, 8.8, 3),
(8626, 54, 1, 141, 1.3, 4),
(8627, 54, 2, 141, 46, 1),
(8628, 54, 2, 141, 45.5, 2),
(8629, 54, 2, 141, 7.3, 3),
(8630, 54, 2, 141, 1.1, 4),
(8631, 54, 2, 142, 37.1, 1),
(8632, 54, 2, 142, 48.9, 2),
(8633, 54, 2, 142, 12.5, 3),
(8634, 54, 2, 142, 1.5, 4),
(8635, 54, 1, 142, 33.9, 1),
(8636, 54, 1, 142, 48.2, 2),
(8637, 54, 1, 142, 16.4, 3),
(8638, 54, 1, 142, 1.5, 4),
(8639, 54, 1, 143, 50.7, 1),
(8640, 54, 1, 143, 44.2, 2),
(8641, 54, 1, 143, 4.2, 3),
(8642, 54, 1, 143, 0.8, 4),
(8643, 54, 2, 143, 52.5, 1),
(8644, 54, 2, 143, 42, 2),
(8645, 54, 2, 143, 4.6, 3),
(8646, 54, 2, 143, 0.9, 4),
(8647, 54, 2, 144, 36.3, 1),
(8648, 54, 2, 144, 51.2, 2),
(8649, 54, 2, 144, 7.6, 3),
(8650, 54, 2, 144, 4.8, 4),
(8651, 54, 1, 144, 35.6, 1),
(8652, 54, 1, 144, 51.1, 2),
(8653, 54, 1, 144, 8.8, 3),
(8654, 54, 1, 144, 4.5, 4),
(8655, 54, 1, 145, 45.8, 1),
(8656, 54, 2, 145, 46.2, 1),
(8657, 54, 1, 145, 47.8, 2),
(8658, 54, 2, 145, 46.3, 2),
(8659, 54, 1, 145, 6, 3),
(8660, 54, 1, 145, 0.4, 4),
(8661, 54, 2, 145, 7.1, 3),
(8662, 54, 2, 145, 0.5, 4),
(8663, 54, 2, 146, 46.8, 1),
(8664, 54, 1, 146, 45.4, 1),
(8665, 54, 2, 146, 45.5, 2),
(8666, 54, 1, 146, 47.1, 2),
(8667, 54, 2, 146, 7.2, 3),
(8668, 54, 2, 146, 0.5, 4),
(8669, 54, 1, 146, 7, 3),
(8670, 54, 1, 146, 0.5, 4),
(8671, 54, 2, 147, 34.9, 1),
(8672, 54, 2, 147, 44.6, 2),
(8673, 54, 2, 147, 11.2, 3),
(8674, 54, 2, 147, 9.3, 4),
(8675, 54, 1, 147, 32.8, 1),
(8676, 54, 1, 147, 49.6, 2),
(8677, 54, 1, 147, 12.7, 3),
(8678, 54, 1, 147, 5, 4),
(8679, 54, 1, 148, 54.7, 1),
(8680, 54, 2, 148, 58.1, 1),
(8681, 54, 1, 148, 38.4, 2),
(8682, 54, 2, 148, 35.4, 2),
(8683, 54, 2, 148, 4.4, 3),
(8684, 54, 1, 148, 7, 3),
(8685, 54, 2, 148, 2.1, 4),
(8686, 54, 1, 148, 0, 4),
(8687, 54, 1, 149, 58.3, 1),
(8688, 54, 1, 149, 30.8, 2),
(8689, 54, 1, 149, 9.5, 3),
(8690, 54, 1, 149, 1.3, 4),
(8691, 54, 2, 149, 58.8, 1),
(8692, 54, 2, 149, 31.1, 2),
(8693, 54, 2, 149, 7.8, 3),
(8694, 54, 2, 149, 2.3, 4),
(8695, 54, 1, 15, 24.2, 1),
(8696, 54, 2, 15, 26.2, 1),
(8697, 54, 2, 15, 49.2, 2),
(8698, 54, 2, 15, 22.9, 3),
(8699, 54, 1, 15, 48, 2),
(8700, 54, 2, 15, 1.8, 4),
(8701, 54, 1, 15, 26.5, 3),
(8702, 54, 1, 15, 1.3, 4),
(8703, 54, 2, 150, 52.2, 1),
(8704, 54, 2, 150, 37.8, 2),
(8705, 54, 2, 150, 8.8, 3),
(8706, 54, 2, 150, 1.2, 4),
(8707, 54, 1, 150, 61.9, 1),
(8708, 54, 1, 150, 31.4, 2),
(8709, 54, 1, 150, 6.7, 3),
(8710, 54, 1, 150, 0, 4),
(8711, 54, 2, 16, 26.5, 1),
(8712, 54, 2, 16, 51.1, 2),
(8713, 54, 2, 16, 20.9, 3),
(8714, 54, 2, 16, 1.6, 4),
(8715, 54, 1, 16, 26.8, 1),
(8716, 54, 1, 16, 48, 2),
(8717, 54, 1, 16, 23.6, 3),
(8718, 54, 1, 16, 1.6, 4),
(8719, 54, 1, 17, 29.6, 1),
(8720, 54, 2, 17, 23.9, 1),
(8721, 54, 1, 17, 44.3, 2),
(8722, 54, 2, 17, 47.2, 2),
(8723, 54, 1, 17, 21.8, 3),
(8724, 54, 1, 17, 4.3, 4),
(8725, 54, 2, 17, 24, 3),
(8726, 54, 2, 17, 4.8, 4),
(8727, 54, 2, 18, 21.9, 1),
(8728, 54, 2, 18, 45.3, 2),
(8729, 54, 2, 18, 25.9, 3),
(8730, 54, 2, 18, 6.9, 4),
(8731, 54, 1, 18, 27.1, 1),
(8732, 54, 1, 18, 42, 2),
(8733, 54, 1, 18, 25.5, 3),
(8734, 54, 1, 18, 5.4, 4),
(8735, 54, 1, 19, 27.1, 1),
(8736, 54, 1, 19, 40.5, 2),
(8737, 54, 1, 19, 19.1, 3),
(8738, 54, 1, 19, 13.3, 4),
(8739, 54, 2, 19, 21.7, 1),
(8740, 54, 2, 19, 44.3, 2),
(8741, 54, 2, 19, 19.7, 3),
(8742, 54, 2, 19, 14.3, 4),
(8743, 54, 1, 2, 31.6, 1),
(8744, 54, 2, 2, 31, 1),
(8745, 54, 1, 2, 40.7, 2),
(8746, 54, 2, 2, 40.3, 2),
(8747, 54, 1, 2, 13.1, 3),
(8748, 54, 2, 2, 11.7, 3),
(8749, 54, 1, 2, 14.5, 4),
(8750, 54, 2, 2, 17, 4),
(8751, 54, 2, 20, 23.3, 1),
(8752, 54, 1, 20, 28.5, 1),
(8753, 54, 2, 20, 28.9, 2),
(8754, 54, 1, 20, 27.4, 2),
(8755, 54, 2, 20, 14.4, 3),
(8756, 54, 1, 20, 12.8, 3),
(8757, 54, 2, 20, 33.4, 4),
(8758, 54, 1, 20, 31.2, 4),
(8759, 54, 1, 21, 34.3, 1),
(8760, 54, 1, 21, 42, 2),
(8761, 54, 1, 21, 22.2, 3),
(8762, 54, 1, 21, 1.5, 4),
(8763, 54, 2, 21, 33.2, 1),
(8764, 54, 2, 21, 40.1, 2),
(8765, 54, 2, 21, 24.4, 3),
(8766, 54, 2, 21, 2.3, 4),
(8767, 54, 1, 22, 24.4, 1),
(8768, 54, 2, 22, 28.4, 1),
(8769, 54, 1, 22, 47, 2),
(8770, 54, 2, 22, 47.5, 2),
(8771, 54, 1, 22, 24.5, 3),
(8772, 54, 2, 22, 20.3, 3),
(8773, 54, 1, 22, 4.1, 4),
(8774, 54, 2, 22, 3.8, 4),
(8775, 54, 2, 23, 23.5, 1),
(8776, 54, 2, 23, 50.2, 2),
(8777, 54, 2, 23, 22.6, 3),
(8778, 54, 2, 23, 3.7, 4),
(8779, 54, 1, 23, 23.9, 1),
(8780, 54, 1, 23, 47.5, 2),
(8781, 54, 1, 23, 25, 3),
(8782, 54, 1, 23, 3.5, 4),
(8783, 54, 1, 24, 29.8, 1),
(8784, 54, 1, 24, 46.5, 2),
(8785, 54, 1, 24, 19.4, 3),
(8786, 54, 1, 24, 4.3, 4),
(8787, 54, 2, 24, 27.4, 1),
(8788, 54, 2, 24, 49.9, 2),
(8789, 54, 2, 24, 18.2, 3),
(8790, 54, 2, 24, 4.5, 4),
(8791, 54, 1, 25, 22.9, 1),
(8792, 54, 1, 25, 44.7, 2),
(8793, 54, 1, 25, 27.9, 3),
(8794, 54, 1, 25, 4.5, 4),
(8795, 54, 2, 25, 20.4, 1),
(8796, 54, 2, 25, 48.1, 2),
(8797, 54, 2, 25, 26.4, 3),
(8798, 54, 2, 25, 5.1, 4),
(8799, 54, 2, 26, 35.4, 1),
(8800, 54, 2, 26, 55, 2),
(8801, 54, 2, 26, 8.4, 3),
(8802, 54, 2, 26, 1.2, 4),
(8803, 54, 1, 26, 33.5, 1),
(8804, 54, 1, 26, 54.3, 2),
(8805, 54, 1, 26, 10.7, 3),
(8806, 54, 1, 26, 1.5, 4),
(8807, 54, 2, 27, 23.2, 1),
(8808, 54, 2, 27, 52.5, 2),
(8809, 54, 2, 27, 21.4, 3),
(8810, 54, 2, 27, 2.9, 4),
(8811, 54, 1, 27, 23.3, 1),
(8812, 54, 1, 27, 50.6, 2),
(8813, 54, 1, 27, 23.3, 3),
(8814, 54, 1, 27, 2.8, 4),
(8815, 54, 2, 28, 22.7, 1),
(8816, 54, 2, 28, 48.7, 2),
(8817, 54, 2, 28, 23.3, 3),
(8818, 54, 2, 28, 5.3, 4),
(8819, 54, 1, 28, 25.3, 1),
(8820, 54, 1, 28, 46.8, 2),
(8821, 54, 1, 28, 23.4, 3),
(8822, 54, 1, 28, 4.5, 4),
(8823, 54, 1, 29, 26, 1),
(8824, 54, 1, 29, 46.9, 2),
(8825, 54, 1, 29, 26.1, 3),
(8826, 54, 2, 29, 27.4, 1),
(8827, 54, 1, 29, 1, 4),
(8828, 54, 2, 29, 48.3, 2),
(8829, 54, 2, 29, 23.3, 3),
(8830, 54, 2, 29, 1, 4),
(8831, 54, 1, 3, 38.3, 1),
(8832, 54, 2, 3, 38.1, 1),
(8833, 54, 1, 3, 42.6, 2),
(8834, 54, 2, 3, 41.9, 2),
(8835, 54, 1, 3, 14.3, 3),
(8836, 54, 2, 3, 13.7, 3),
(8837, 54, 1, 3, 4.7, 4),
(8838, 54, 2, 3, 6.2, 4),
(8839, 54, 2, 30, 21, 1),
(8840, 54, 2, 30, 49, 2),
(8841, 54, 2, 30, 28.1, 3),
(8842, 54, 2, 30, 1.9, 4),
(8843, 54, 1, 30, 20.9, 1),
(8844, 54, 1, 30, 46.4, 2),
(8845, 54, 1, 30, 31, 3),
(8846, 54, 1, 30, 1.7, 4),
(8847, 54, 1, 31, 31, 1),
(8848, 54, 1, 31, 41.2, 2),
(8849, 54, 1, 31, 23.6, 3),
(8850, 54, 1, 31, 4.2, 4),
(8851, 54, 2, 31, 29.6, 1),
(8852, 54, 2, 31, 42.3, 2),
(8853, 54, 2, 31, 22.8, 3),
(8854, 54, 2, 31, 5.2, 4),
(8855, 54, 2, 32, 31.2, 1),
(8856, 54, 1, 32, 34.3, 1),
(8857, 54, 2, 32, 44.8, 2),
(8858, 54, 1, 32, 43.4, 2),
(8859, 54, 2, 32, 22.6, 3),
(8860, 54, 1, 32, 20.9, 3),
(8861, 54, 2, 32, 1.4, 4),
(8862, 54, 1, 32, 1.4, 4),
(8863, 54, 2, 33, 32, 1),
(8864, 54, 2, 33, 45.5, 2),
(8865, 54, 2, 33, 20.1, 3),
(8866, 54, 2, 33, 2.4, 4),
(8867, 54, 1, 33, 33.2, 1),
(8868, 54, 1, 33, 44.1, 2),
(8869, 54, 1, 33, 20.9, 3),
(8870, 54, 1, 33, 1.8, 4),
(8871, 54, 1, 34, 28.1, 1),
(8872, 54, 1, 34, 37.4, 2),
(8873, 54, 1, 34, 20.1, 3),
(8874, 54, 1, 34, 14.4, 4),
(8875, 54, 2, 34, 26, 1),
(8876, 54, 2, 34, 37.3, 2),
(8877, 54, 2, 34, 18.2, 3),
(8878, 54, 2, 34, 18.5, 4),
(8879, 54, 2, 35, 35.4, 1),
(8880, 54, 2, 35, 40.4, 2),
(8881, 54, 2, 35, 15.8, 3),
(8882, 54, 2, 35, 8.5, 4),
(8883, 54, 1, 35, 31.8, 1),
(8884, 54, 1, 35, 43.4, 2),
(8885, 54, 1, 35, 18.1, 3),
(8886, 54, 1, 35, 6.6, 4),
(8887, 54, 2, 36, 39.7, 1),
(8888, 54, 1, 36, 34.8, 1),
(8889, 54, 2, 36, 39.2, 2),
(8890, 54, 1, 36, 42.3, 2),
(8891, 54, 2, 36, 9.5, 3),
(8892, 54, 2, 36, 11.5, 4),
(8893, 54, 1, 36, 12.8, 3),
(8894, 54, 1, 36, 10.1, 4),
(8895, 54, 2, 37, 36.4, 1),
(8896, 54, 2, 37, 36.7, 2),
(8897, 54, 2, 37, 12.7, 3),
(8898, 54, 2, 37, 14.2, 4),
(8899, 54, 1, 37, 31.7, 1),
(8900, 54, 1, 37, 39.6, 2),
(8901, 54, 1, 37, 17.6, 3),
(8902, 54, 1, 37, 11.1, 4),
(8903, 54, 2, 38, NULL, 1),
(8904, 54, 2, 38, NULL, 2),
(8905, 54, 2, 38, NULL, 3),
(8906, 54, 2, 38, NULL, 4),
(8907, 54, 1, 38, NULL, 1),
(8908, 54, 1, 38, NULL, 2),
(8909, 54, 1, 38, NULL, 3),
(8910, 54, 1, 38, NULL, 4),
(8911, 54, 1, 39, 32.6, 1),
(8912, 54, 1, 39, 45.5, 2),
(8913, 54, 1, 39, 16.1, 3),
(8914, 54, 1, 39, 5.7, 4),
(8915, 54, 2, 39, 35.9, 1),
(8916, 54, 2, 39, 43.3, 2),
(8917, 54, 2, 39, 13.4, 3),
(8918, 54, 2, 39, 7.4, 4),
(8919, 54, 1, 4, 32.2, 1),
(8920, 54, 1, 4, 46.9, 2),
(8921, 54, 1, 4, 19.7, 3),
(8922, 54, 1, 4, 1.2, 4),
(8923, 54, 2, 4, 30.2, 1),
(8924, 54, 2, 4, 49.8, 2),
(8925, 54, 2, 4, 17.7, 3),
(8926, 54, 2, 4, 2.3, 4),
(8927, 54, 2, 40, 25.4, 1),
(8928, 54, 2, 40, 35.1, 2),
(8929, 54, 2, 40, 14.7, 3),
(8930, 54, 2, 40, 24.8, 4),
(8931, 54, 1, 40, 24.5, 1),
(8932, 54, 1, 40, 35.1, 2),
(8933, 54, 1, 40, 16.8, 3),
(8934, 54, 1, 40, 23.5, 4),
(8935, 54, 1, 41, 33.2, 1),
(8936, 54, 1, 41, 42.6, 2),
(8937, 54, 1, 41, 19.8, 3),
(8938, 54, 1, 41, 4.4, 4),
(8939, 54, 2, 41, 38.5, 1),
(8940, 54, 2, 41, 38.4, 2),
(8941, 54, 2, 41, 15.6, 3),
(8942, 54, 2, 41, 7.5, 4),
(8943, 54, 1, 42, 23.8, 1),
(8944, 54, 1, 42, 49.6, 2),
(8945, 54, 1, 42, 24.5, 3),
(8946, 54, 1, 42, 2.1, 4),
(8947, 54, 2, 42, 25.7, 1),
(8948, 54, 2, 42, 49.8, 2),
(8949, 54, 2, 42, 22.2, 3),
(8950, 54, 2, 42, 2.2, 4),
(8951, 54, 1, 43, 23.1, 1),
(8952, 54, 1, 43, 41.3, 2),
(8953, 54, 1, 43, 27.4, 3),
(8954, 54, 1, 43, 8.2, 4),
(8955, 54, 2, 43, 22.6, 1),
(8956, 54, 2, 43, 42.6, 2),
(8957, 54, 2, 43, 25, 3),
(8958, 54, 2, 43, 9.8, 4),
(8959, 54, 2, 44, 30.5, 1),
(8960, 54, 2, 44, 45.5, 2),
(8961, 54, 2, 44, 18.6, 3),
(8962, 54, 2, 44, 5.4, 4),
(8963, 54, 1, 44, 30, 1),
(8964, 54, 1, 44, 44.4, 2),
(8965, 54, 1, 44, 20.7, 3),
(8966, 54, 1, 44, 4.9, 4),
(8967, 54, 1, 45, 32.4, 1),
(8968, 54, 1, 45, 44.2, 2),
(8969, 54, 1, 45, 15.1, 3),
(8970, 54, 1, 45, 8.2, 4),
(8971, 54, 2, 45, 29.8, 1),
(8972, 54, 2, 45, 45.2, 2),
(8973, 54, 2, 45, 15.5, 3),
(8974, 54, 2, 45, 9.5, 4),
(8975, 54, 1, 46, 33.3, 1),
(8976, 54, 2, 46, 32.8, 1),
(8977, 54, 1, 46, 43.2, 2),
(8978, 54, 2, 46, 44.4, 2),
(8979, 54, 1, 46, 20.6, 3),
(8980, 54, 2, 46, 19.2, 3),
(8981, 54, 2, 46, 3.6, 4),
(8982, 54, 1, 46, 2.9, 4),
(8983, 54, 1, 47, 23, 1),
(8984, 54, 1, 47, 31.3, 2),
(8985, 54, 1, 47, 22.2, 3),
(8986, 54, 1, 47, 23.5, 4),
(8987, 54, 2, 47, 19.3, 1),
(8988, 54, 2, 47, 34.1, 2),
(8989, 54, 2, 47, 20.2, 3),
(8990, 54, 2, 47, 26.4, 4),
(8991, 54, 2, 48, 26.5, 1),
(8992, 54, 2, 48, 41.9, 2),
(8993, 54, 2, 48, 22.3, 3),
(8994, 54, 2, 48, 9.4, 4),
(8995, 54, 1, 48, 30.8, 1),
(8996, 54, 1, 48, 39.5, 2),
(8997, 54, 1, 48, 21.6, 3),
(8998, 54, 1, 48, 8.1, 4),
(8999, 54, 2, 49, 22, 1),
(9000, 54, 2, 49, 49.1, 2),
(9001, 54, 2, 49, 24.9, 3),
(9002, 54, 2, 49, 3.9, 4),
(9003, 54, 1, 49, 21, 1),
(9004, 54, 1, 49, 47.5, 2),
(9005, 54, 1, 49, 27.9, 3),
(9006, 54, 1, 49, 3.6, 4),
(9007, 54, 2, 5, 31.3, 1),
(9008, 54, 2, 5, 49.7, 2),
(9009, 54, 2, 5, 16.4, 3),
(9010, 54, 2, 5, 2.6, 4),
(9011, 54, 1, 5, 32.4, 1),
(9012, 54, 1, 5, 46.9, 2),
(9013, 54, 1, 5, 18.9, 3),
(9014, 54, 1, 5, 1.9, 4),
(9015, 54, 1, 50, 23.1, 1),
(9016, 54, 1, 50, 47.3, 2),
(9017, 54, 1, 50, 26.7, 3),
(9018, 54, 1, 50, 2.9, 4),
(9019, 54, 2, 50, 23, 1),
(9020, 54, 2, 50, 48.9, 2),
(9021, 54, 2, 50, 24.6, 3),
(9022, 54, 2, 50, 3.5, 4),
(9023, 54, 1, 51, 18.4, 1),
(9024, 54, 1, 51, 47.2, 2),
(9025, 54, 1, 51, 32.3, 3),
(9026, 54, 1, 51, 2.1, 4),
(9027, 54, 2, 51, 20.2, 1),
(9028, 54, 2, 51, 47.3, 2),
(9029, 54, 2, 51, 29.8, 3),
(9030, 54, 2, 51, 2.6, 4),
(9031, 54, 2, 52, 33.8, 1),
(9032, 54, 2, 52, 49.8, 2),
(9033, 54, 2, 52, 14.4, 3),
(9034, 54, 2, 52, 1.9, 4),
(9035, 54, 1, 52, 30.3, 1),
(9036, 54, 1, 52, 49.6, 2),
(9037, 54, 1, 52, 18.1, 3),
(9038, 54, 1, 52, 2, 4),
(9039, 54, 1, 53, 33.2, 1),
(9040, 54, 2, 53, 36.7, 1),
(9041, 54, 1, 53, 48.4, 2),
(9042, 54, 2, 53, 47.8, 2),
(9043, 54, 1, 53, 16.8, 3),
(9044, 54, 2, 53, 13.7, 3),
(9045, 54, 1, 53, 1.5, 4),
(9046, 54, 2, 53, 1.8, 4),
(9047, 54, 2, 54, 21.7, 1),
(9048, 54, 1, 54, 21.7, 1),
(9049, 54, 2, 54, 52, 2),
(9050, 54, 2, 54, 23.7, 3),
(9051, 54, 1, 54, 49.5, 2),
(9052, 54, 2, 54, 2.6, 4),
(9053, 54, 1, 54, 26.5, 3),
(9054, 54, 1, 54, 2.3, 4),
(9055, 54, 2, 55, 24.1, 1),
(9056, 54, 2, 55, 49.5, 2),
(9057, 54, 2, 55, 23.7, 3),
(9058, 54, 2, 55, 2.7, 4),
(9059, 54, 1, 55, 22.6, 1),
(9060, 54, 1, 55, 49.1, 2),
(9061, 54, 1, 55, 26.2, 3),
(9062, 54, 1, 55, 2.1, 4),
(9063, 54, 2, 56, 24.8, 1),
(9064, 54, 1, 56, 22.7, 1),
(9065, 54, 1, 56, 46.8, 2),
(9066, 54, 2, 56, 46.5, 2),
(9067, 54, 2, 56, 25.4, 3),
(9068, 54, 1, 56, 28.1, 3),
(9069, 54, 2, 56, 3.3, 4),
(9070, 54, 1, 56, 2.5, 4),
(9071, 54, 1, 57, 26.5, 1),
(9072, 54, 1, 57, 49.2, 2),
(9073, 54, 1, 57, 22.8, 3),
(9074, 54, 1, 57, 1.5, 4),
(9075, 54, 2, 57, 30.4, 1),
(9076, 54, 2, 57, 47.1, 2),
(9077, 54, 2, 57, 20.9, 3),
(9078, 54, 2, 57, 1.6, 4),
(9079, 54, 1, 58, 38.5, 1),
(9080, 54, 1, 58, 42.4, 2),
(9081, 54, 1, 58, 15.7, 3),
(9082, 54, 1, 58, 3.5, 4),
(9083, 54, 2, 58, 39.5, 1),
(9084, 54, 2, 58, 41.6, 2),
(9085, 54, 2, 58, 13.6, 3),
(9086, 54, 2, 58, 5.4, 4),
(9087, 54, 2, 6, 31.3, 1),
(9088, 54, 1, 6, 32.2, 1),
(9089, 54, 2, 6, 44.5, 2),
(9090, 54, 2, 6, 16.6, 3),
(9091, 54, 1, 6, 43.3, 2),
(9092, 54, 2, 6, 7.6, 4),
(9093, 54, 1, 6, 18.3, 3),
(9094, 54, 1, 6, 6.2, 4),
(9095, 54, 1, 60, 25.2, 1),
(9096, 54, 1, 60, 47.7, 2),
(9097, 54, 1, 60, 23.9, 3),
(9098, 54, 1, 60, 3.3, 4),
(9099, 54, 2, 60, 24.1, 1),
(9100, 54, 2, 60, 48.8, 2),
(9101, 54, 2, 60, 22.8, 3),
(9102, 54, 2, 60, 4.3, 4),
(9103, 54, 1, 61, 26.3, 1),
(9104, 54, 1, 61, 46.2, 2),
(9105, 54, 1, 61, 24.1, 3),
(9106, 54, 1, 61, 3.5, 4),
(9107, 54, 2, 61, 25.6, 1),
(9108, 54, 2, 61, 45.4, 2),
(9109, 54, 2, 61, 25, 3),
(9110, 54, 2, 61, 4, 4),
(9111, 54, 1, 62, 32.1, 1),
(9112, 54, 1, 62, 47.4, 2),
(9113, 54, 1, 62, 19, 3),
(9114, 54, 1, 62, 1.5, 4),
(9115, 54, 2, 62, 32.3, 1),
(9116, 54, 2, 62, 46.8, 2),
(9117, 54, 2, 62, 18.2, 3),
(9118, 54, 2, 62, 2.6, 4),
(9119, 54, 2, 63, 22.3, 1),
(9120, 54, 2, 63, 46.8, 2),
(9121, 54, 2, 63, 19.9, 3),
(9122, 54, 2, 63, 11, 4),
(9123, 54, 1, 63, 22.8, 1),
(9124, 54, 1, 63, 46.1, 2),
(9125, 54, 1, 63, 20.6, 3),
(9126, 54, 1, 63, 10.4, 4),
(9127, 54, 1, 64, 24.1, 1),
(9128, 54, 1, 64, 49.1, 2),
(9129, 54, 1, 64, 24.8, 3),
(9130, 54, 1, 64, 2, 4),
(9131, 54, 2, 64, 21.8, 1),
(9132, 54, 2, 64, 51.5, 2),
(9133, 54, 2, 64, 23.6, 3),
(9134, 54, 2, 64, 3.2, 4),
(9135, 54, 2, 65, 17.2, 1),
(9136, 54, 2, 65, 45, 2),
(9137, 54, 2, 65, 31.2, 3),
(9138, 54, 2, 65, 6.6, 4),
(9139, 54, 1, 65, 16.9, 1),
(9140, 54, 1, 65, 43.6, 2),
(9141, 54, 1, 65, 33.6, 3),
(9142, 54, 1, 65, 5.9, 4),
(9143, 54, 2, 66, 23.5, 1),
(9144, 54, 1, 66, 22.4, 1),
(9145, 54, 2, 66, 48.5, 2),
(9146, 54, 2, 66, 25, 3),
(9147, 54, 1, 66, 47.3, 2),
(9148, 54, 2, 66, 2.9, 4),
(9149, 54, 1, 66, 27.7, 3),
(9150, 54, 1, 66, 2.5, 4),
(9151, 54, 2, 67, 24.1, 1),
(9152, 54, 2, 67, 46.6, 2),
(9153, 54, 2, 67, 25.9, 3),
(9154, 54, 2, 67, 3.3, 4),
(9155, 54, 1, 67, 22.5, 1),
(9156, 54, 1, 67, 45.3, 2),
(9157, 54, 1, 67, 29.3, 3),
(9158, 54, 1, 67, 2.9, 4),
(9159, 54, 2, 68, 25.4, 1),
(9160, 54, 2, 68, 49.1, 2),
(9161, 54, 2, 68, 21.9, 3),
(9162, 54, 2, 68, 3.6, 4),
(9163, 54, 1, 68, 24.5, 1),
(9164, 54, 1, 68, 47.7, 2),
(9165, 54, 1, 68, 24.6, 3),
(9166, 54, 1, 68, 3.2, 4),
(9167, 54, 1, 69, 23.4, 1),
(9168, 54, 1, 69, 49, 2),
(9169, 54, 1, 69, 22, 3),
(9170, 54, 1, 69, 5.7, 4),
(9171, 54, 2, 69, 24.1, 1),
(9172, 54, 2, 69, 49.9, 2),
(9173, 54, 2, 69, 19.7, 3),
(9174, 54, 2, 69, 6.3, 4),
(9175, 54, 2, 7, 26, 1),
(9176, 54, 2, 7, 49.7, 2),
(9177, 54, 2, 7, 21.1, 3),
(9178, 54, 2, 7, 3.2, 4),
(9179, 54, 1, 7, 28.4, 1),
(9180, 54, 1, 7, 47.4, 2),
(9181, 54, 1, 7, 21.6, 3),
(9182, 54, 1, 7, 2.7, 4),
(9183, 54, 1, 70, 25.8, 1),
(9184, 54, 2, 70, 27.3, 1),
(9185, 54, 1, 70, 49.4, 2),
(9186, 54, 2, 70, 50.6, 2),
(9187, 54, 1, 70, 23.5, 3),
(9188, 54, 1, 70, 1.3, 4),
(9189, 54, 2, 70, 20.7, 3),
(9190, 54, 2, 70, 1.5, 4),
(9191, 54, 1, 71, 30.9, 1),
(9192, 54, 1, 71, 46.7, 2),
(9193, 54, 1, 71, 21.2, 3),
(9194, 54, 1, 71, 1.2, 4),
(9195, 54, 2, 71, 30.2, 1),
(9196, 54, 2, 71, 48.7, 2),
(9197, 54, 2, 71, 19.7, 3),
(9198, 54, 2, 71, 1.5, 4),
(9199, 54, 2, 72, 29.3, 1),
(9200, 54, 2, 72, 44.5, 2),
(9201, 54, 2, 72, 20.4, 3),
(9202, 54, 2, 72, 5.8, 4),
(9203, 54, 1, 72, 30, 1),
(9204, 54, 1, 72, 44.5, 2),
(9205, 54, 1, 72, 22.1, 3),
(9206, 54, 1, 72, 3.4, 4),
(9207, 54, 2, 73, 37, 1),
(9208, 54, 2, 73, 43.5, 2),
(9209, 54, 2, 73, 16.8, 3),
(9210, 54, 2, 73, 2.6, 4),
(9211, 54, 1, 73, 33.4, 1),
(9212, 54, 1, 73, 46, 2),
(9213, 54, 1, 73, 19.2, 3),
(9214, 54, 1, 73, 1.4, 4),
(9215, 54, 2, 74, 38.2, 1),
(9216, 54, 1, 74, 37.4, 1),
(9217, 54, 2, 74, 41.7, 2),
(9218, 54, 2, 74, 14.7, 3),
(9219, 54, 1, 74, 41.6, 2),
(9220, 54, 2, 74, 5.4, 4),
(9221, 54, 1, 74, 18.2, 3),
(9222, 54, 1, 74, 2.7, 4),
(9223, 54, 2, 75, 32.5, 1),
(9224, 54, 2, 75, 44.3, 2),
(9225, 54, 2, 75, 19.6, 3),
(9226, 54, 2, 75, 3.5, 4),
(9227, 54, 1, 75, 35.2, 1),
(9228, 54, 1, 75, 42.8, 2),
(9229, 54, 1, 75, 19.7, 3),
(9230, 54, 1, 75, 2.3, 4),
(9231, 54, 1, 76, 45.5, 1),
(9232, 54, 1, 76, 47.4, 2),
(9233, 54, 1, 76, 6.3, 3),
(9234, 54, 1, 76, 0.7, 4),
(9235, 54, 2, 76, 43.2, 1),
(9236, 54, 2, 76, 50, 2),
(9237, 54, 2, 76, 5.8, 3),
(9238, 54, 2, 76, 1, 4),
(9239, 54, 1, 77, 36.4, 1),
(9240, 54, 1, 77, 32.3, 2),
(9241, 54, 1, 77, 3.9, 3),
(9242, 54, 1, 77, 27.4, 4),
(9243, 54, 2, 77, 34.7, 1),
(9244, 54, 2, 77, 32.6, 2),
(9245, 54, 2, 77, 4.5, 3),
(9246, 54, 2, 77, 28.2, 4),
(9247, 54, 2, 78, 39.4, 1),
(9248, 54, 2, 78, 29.7, 2),
(9249, 54, 2, 78, 5.2, 3),
(9250, 54, 2, 78, 25.8, 4),
(9251, 54, 1, 78, 41.7, 1),
(9252, 54, 1, 78, 29.8, 2),
(9253, 54, 1, 78, 4, 3),
(9254, 54, 1, 78, 24.5, 4),
(9255, 54, 1, 79, 48.2, 1),
(9256, 54, 1, 79, 43.7, 2),
(9257, 54, 1, 79, 7.3, 3),
(9258, 54, 1, 79, 0.8, 4),
(9259, 54, 2, 79, 46.4, 1),
(9260, 54, 2, 79, 45.1, 2),
(9261, 54, 2, 79, 7.4, 3),
(9262, 54, 2, 79, 1.1, 4),
(9263, 54, 1, 8, 27.9, 1),
(9264, 54, 1, 8, 46.3, 2),
(9265, 54, 1, 8, 23, 3),
(9266, 54, 1, 8, 2.8, 4),
(9267, 54, 2, 8, 25.4, 1),
(9268, 54, 2, 8, 50, 2),
(9269, 54, 2, 8, 21.3, 3),
(9270, 54, 2, 8, 3.3, 4),
(9271, 54, 1, 80, 43.4, 1),
(9272, 54, 2, 80, 40.5, 1),
(9273, 54, 1, 80, 46.9, 2),
(9274, 54, 2, 80, 49.6, 2),
(9275, 54, 1, 80, 8.9, 3),
(9276, 54, 1, 80, 0.8, 4),
(9277, 54, 2, 80, 8.9, 3),
(9278, 54, 2, 80, 1, 4),
(9279, 54, 1, 81, 43.2, 1),
(9280, 54, 2, 81, 40.6, 1),
(9281, 54, 1, 81, 49.8, 2),
(9282, 54, 1, 81, 6.2, 3),
(9283, 54, 2, 81, 50.5, 2),
(9284, 54, 2, 81, 7.5, 3),
(9285, 54, 1, 81, 0.8, 4),
(9286, 54, 2, 81, 1.4, 4),
(9287, 54, 2, 82, 35.9, 1),
(9288, 54, 2, 82, 49.4, 2),
(9289, 54, 2, 82, 10.3, 3),
(9290, 54, 2, 82, 4.4, 4),
(9291, 54, 1, 82, 39.6, 1),
(9292, 54, 1, 82, 48.3, 2),
(9293, 54, 1, 82, 8.1, 3),
(9294, 54, 1, 82, 4, 4),
(9295, 54, 1, 83, 48.6, 1),
(9296, 54, 1, 83, 41.5, 2),
(9297, 54, 1, 83, 7.3, 3),
(9298, 54, 1, 83, 2.6, 4),
(9299, 54, 2, 83, 44.3, 1),
(9300, 54, 2, 83, 45.3, 2),
(9301, 54, 2, 83, 7.4, 3),
(9302, 54, 2, 83, 3.1, 4),
(9303, 54, 2, 84, 43.1, 1),
(9304, 54, 2, 84, 45.8, 2),
(9305, 54, 2, 84, 9.4, 3),
(9306, 54, 2, 84, 1.7, 4),
(9307, 54, 1, 84, 42.1, 1),
(9308, 54, 1, 84, 47.3, 2),
(9309, 54, 1, 84, 8.9, 3),
(9310, 54, 1, 84, 1.7, 4),
(9311, 54, 1, 85, 49.4, 1),
(9312, 54, 1, 85, 44.6, 2),
(9313, 54, 1, 85, 4.2, 3),
(9314, 54, 1, 85, 1.8, 4),
(9315, 54, 2, 85, 52.9, 1),
(9316, 54, 2, 85, 40, 2),
(9317, 54, 2, 85, 5.4, 3),
(9318, 54, 2, 85, 1.7, 4),
(9319, 54, 2, 86, 50.6, 1),
(9320, 54, 2, 86, 40.4, 2),
(9321, 54, 2, 86, 7, 3),
(9322, 54, 2, 86, 2.1, 4),
(9323, 54, 1, 86, 51, 1),
(9324, 54, 1, 86, 41.8, 2),
(9325, 54, 1, 86, 5.4, 3),
(9326, 54, 1, 86, 1.8, 4),
(9327, 54, 1, 87, 41.7, 1),
(9328, 54, 1, 87, 51.5, 2),
(9329, 54, 1, 87, 6.3, 3),
(9330, 54, 1, 87, 0.5, 4),
(9331, 54, 2, 87, 42.4, 1),
(9332, 54, 2, 87, 48, 2),
(9333, 54, 2, 87, 8.7, 3),
(9334, 54, 2, 87, 0.9, 4),
(9335, 54, 2, 88, 53.6, 1),
(9336, 54, 2, 88, 37.1, 2),
(9337, 54, 2, 88, 3.7, 3),
(9338, 54, 2, 88, 5.6, 4),
(9339, 54, 1, 88, 48.5, 1),
(9340, 54, 1, 88, 42.7, 2),
(9341, 54, 1, 88, 3.8, 3),
(9342, 54, 1, 88, 5, 4),
(9343, 54, 1, 89, 48.1, 1),
(9344, 54, 1, 89, 45.7, 2),
(9345, 54, 1, 89, 5.8, 3),
(9346, 54, 1, 89, 0.4, 4),
(9347, 54, 2, 89, 47.9, 1),
(9348, 54, 2, 89, 44.9, 2),
(9349, 54, 2, 89, 6.6, 3),
(9350, 54, 2, 89, 0.6, 4),
(9351, 54, 1, 9, 22.4, 1),
(9352, 54, 1, 9, 46.2, 2),
(9353, 54, 1, 9, 27.8, 3),
(9354, 54, 1, 9, 3.6, 4),
(9355, 54, 2, 9, 23.6, 1),
(9356, 54, 2, 9, 45.9, 2),
(9357, 54, 2, 9, 26.4, 3),
(9358, 54, 2, 9, 4.1, 4),
(9359, 54, 2, 90, 46.8, 1),
(9360, 54, 2, 90, 46.7, 2),
(9361, 54, 2, 90, 6, 3),
(9362, 54, 2, 90, 0.5, 4),
(9363, 54, 1, 90, 44, 1),
(9364, 54, 1, 90, 48.9, 2),
(9365, 54, 1, 90, 6.6, 3),
(9366, 54, 1, 90, 0.6, 4),
(9367, 54, 1, 91, 49.9, 1),
(9368, 54, 1, 91, 45.2, 2),
(9369, 54, 1, 91, 4.2, 3),
(9370, 54, 1, 91, 0.7, 4),
(9371, 54, 2, 91, 49.6, 1),
(9372, 54, 2, 91, 45.7, 2),
(9373, 54, 2, 91, 4.2, 3),
(9374, 54, 2, 91, 0.6, 4),
(9375, 54, 2, 92, 38.2, 1),
(9376, 54, 1, 92, 43.6, 1),
(9377, 54, 1, 92, 39.5, 2),
(9378, 54, 1, 92, 9.3, 3),
(9379, 54, 2, 92, 40.6, 2),
(9380, 54, 1, 92, 7.6, 4),
(9381, 54, 2, 92, 12.8, 3),
(9382, 54, 2, 92, 8.5, 4),
(9383, 54, 1, 93, 47.3, 1),
(9384, 54, 1, 93, 37.8, 2),
(9385, 54, 2, 93, 43.8, 1),
(9386, 54, 1, 93, 6, 3),
(9387, 54, 2, 93, 38.2, 2),
(9388, 54, 1, 93, 8.9, 4),
(9389, 54, 2, 93, 8.7, 3),
(9390, 54, 2, 93, 9.3, 4),
(9391, 54, 1, 94, 38.2, 1),
(9392, 54, 1, 94, 34.1, 2),
(9393, 54, 1, 94, 5.7, 3),
(9394, 54, 1, 94, 22.1, 4),
(9395, 54, 2, 94, 32.4, 1),
(9396, 54, 2, 94, 38.3, 2),
(9397, 54, 2, 94, 8.2, 3),
(9398, 54, 2, 94, 21.1, 4),
(9399, 54, 2, 95, 30.2, 1),
(9400, 54, 1, 95, 35.8, 1),
(9401, 54, 2, 95, 26.6, 2),
(9402, 54, 2, 95, 6.7, 3),
(9403, 54, 1, 95, 24.5, 2),
(9404, 54, 2, 95, 36.5, 4),
(9405, 54, 1, 95, 4.5, 3),
(9406, 54, 1, 95, 35.2, 4),
(9407, 54, 2, 96, 45.2, 1),
(9408, 54, 2, 96, 34.7, 2),
(9409, 54, 2, 96, 12.2, 3),
(9410, 54, 2, 96, 7.8, 4),
(9411, 54, 1, 96, 52, 1),
(9412, 54, 1, 96, 33.6, 2),
(9413, 54, 1, 96, 7.3, 3),
(9414, 54, 1, 96, 7.1, 4),
(9415, 54, 2, 97, 47.8, 1),
(9416, 54, 2, 97, 45.1, 2),
(9417, 54, 2, 97, 5.8, 3),
(9418, 54, 2, 97, 1.2, 4),
(9419, 54, 1, 97, 47.5, 1),
(9420, 54, 1, 97, 43.7, 2),
(9421, 54, 1, 97, 7.8, 3),
(9422, 54, 1, 97, 1.1, 4),
(9423, 54, 2, 98, 37.8, 1),
(9424, 54, 2, 98, 52.3, 2),
(9425, 54, 1, 98, 40.7, 1),
(9426, 54, 2, 98, 7.4, 3),
(9427, 54, 2, 98, 2.4, 4),
(9428, 54, 1, 98, 49.6, 2),
(9429, 54, 1, 98, 7.7, 3),
(9430, 54, 1, 98, 1.9, 4),
(9431, 54, 2, 99, 34.2, 1),
(9432, 54, 2, 99, 51.7, 2),
(9433, 54, 2, 99, 7.9, 3),
(9434, 54, 2, 99, 6.2, 4),
(9435, 54, 1, 99, 37.3, 1),
(9436, 54, 1, 99, 49.5, 2),
(9437, 54, 1, 99, 7.5, 3),
(9438, 54, 1, 99, 5.7, 4);

-- --------------------------------------------------------

--
-- Structure de la table `taux_niveau_etude`
--

CREATE TABLE `taux_niveau_etude` (
  `id_tn` int(11) NOT NULL,
  `id_a` int(11) DEFAULT NULL,
  `id_g` int(11) DEFAULT NULL,
  `id_m` int(11) DEFAULT NULL,
  `id_n` int(11) DEFAULT NULL,
  `val` float DEFAULT NULL
) ENGINE=InnoDB DEFAULT CHARSET=utf8mb4 COLLATE=utf8mb4_general_ci;

--
-- Déchargement des données de la table `taux_niveau_etude`
--

INSERT INTO `taux_niveau_etude` (`id_tn`, `id_a`, `id_g`, `id_m`, `id_n`, `val`) VALUES
(14191, 54, 1, 1, 1, 32.6),
(14192, 54, 2, 1, 1, 19.5),
(14193, 54, 2, 1, 2, 4.6),
(14194, 54, 2, 1, 3, 28.8),
(14195, 54, 1, 1, 2, 3.5),
(14196, 54, 2, 1, 4, 20.8),
(14197, 54, 1, 1, 3, 25.3),
(14198, 54, 2, 1, 5, 15.9),
(14199, 54, 1, 1, 4, 16.3),
(14200, 54, 1, 1, 5, 13.4),
(14201, 54, 2, 1, 6, 10.3),
(14202, 54, 1, 1, 6, 9),
(14203, 54, 2, 10, 1, 27.4),
(14204, 54, 2, 10, 2, 7.3),
(14205, 54, 2, 10, 3, 30.9),
(14206, 54, 2, 10, 4, 17.3),
(14207, 54, 2, 10, 5, 9.3),
(14208, 54, 2, 10, 6, 7.8),
(14209, 54, 1, 10, 1, 45.6),
(14210, 54, 1, 10, 2, 4),
(14211, 54, 1, 10, 3, 25.4),
(14212, 54, 1, 10, 4, 12.8),
(14213, 54, 1, 10, 5, 7.8),
(14214, 54, 1, 10, 6, 4.4),
(14215, 54, 2, 100, 1, 47.4),
(14216, 54, 2, 100, 2, 1.4),
(14217, 54, 2, 100, 3, 28.9),
(14218, 54, 2, 100, 4, 13.8),
(14219, 54, 2, 100, 5, 6.5),
(14220, 54, 2, 100, 6, 2),
(14221, 54, 1, 100, 1, 63.8),
(14222, 54, 1, 100, 2, 0.8),
(14223, 54, 1, 100, 3, 22.7),
(14224, 54, 1, 100, 4, 7.8),
(14225, 54, 1, 100, 5, 3.7),
(14226, 54, 1, 100, 6, 1.2),
(14227, 54, 2, 101, 1, 41.8),
(14228, 54, 2, 101, 2, 2.8),
(14229, 54, 2, 101, 3, 37.2),
(14230, 54, 2, 101, 4, 12.6),
(14231, 54, 2, 101, 5, 4),
(14232, 54, 2, 101, 6, 1.6),
(14233, 54, 1, 101, 1, 62.8),
(14234, 54, 1, 101, 2, 0.8),
(14235, 54, 1, 101, 3, 27.4),
(14236, 54, 1, 101, 4, 5.8),
(14237, 54, 1, 101, 5, 2.2),
(14238, 54, 1, 101, 6, 0.9),
(14239, 54, 2, 102, 1, 41.7),
(14240, 54, 2, 102, 2, 2.1),
(14241, 54, 2, 102, 3, 31),
(14242, 54, 2, 102, 4, 16.3),
(14243, 54, 2, 102, 5, 6.7),
(14244, 54, 2, 102, 6, 2.2),
(14245, 54, 1, 102, 1, 63.2),
(14246, 54, 1, 102, 2, 0.7),
(14247, 54, 1, 102, 3, 23.6),
(14248, 54, 1, 102, 4, 8),
(14249, 54, 1, 102, 5, 3.3),
(14250, 54, 1, 102, 6, 1.2),
(14251, 54, 2, 103, 1, 41),
(14252, 54, 2, 103, 2, 2.1),
(14253, 54, 2, 103, 3, 31.1),
(14254, 54, 2, 103, 4, 16.4),
(14255, 54, 2, 103, 5, 6.3),
(14256, 54, 2, 103, 6, 3),
(14257, 54, 1, 103, 1, 64.1),
(14258, 54, 1, 103, 2, 0.8),
(14259, 54, 1, 103, 3, 25),
(14260, 54, 1, 103, 4, 6.4),
(14261, 54, 1, 103, 5, 2.5),
(14262, 54, 1, 103, 6, 1.1),
(14263, 54, 1, 104, 1, 66.3),
(14264, 54, 2, 104, 1, 41.6),
(14265, 54, 2, 104, 2, 4.8),
(14266, 54, 2, 104, 3, 33.2),
(14267, 54, 1, 104, 2, 0.5),
(14268, 54, 2, 104, 4, 13.6),
(14269, 54, 1, 104, 3, 25),
(14270, 54, 2, 104, 5, 4.9),
(14271, 54, 1, 104, 4, 5.6),
(14272, 54, 2, 104, 6, 1.9),
(14273, 54, 1, 104, 5, 1.9),
(14274, 54, 1, 104, 6, 0.7),
(14275, 54, 1, 105, 1, 65.8),
(14276, 54, 1, 105, 2, 0.6),
(14277, 54, 1, 105, 3, 24.2),
(14278, 54, 1, 105, 4, 6.4),
(14279, 54, 1, 105, 5, 2.2),
(14280, 54, 1, 105, 6, 0.8),
(14281, 54, 2, 105, 1, 42.1),
(14282, 54, 2, 105, 2, 5),
(14283, 54, 2, 105, 3, 31),
(14284, 54, 2, 105, 4, 15.3),
(14285, 54, 2, 105, 5, 4.7),
(14286, 54, 2, 105, 6, 1.8),
(14287, 54, 1, 106, 1, 56.5),
(14288, 54, 2, 106, 1, 30.7),
(14289, 54, 1, 106, 2, 3.2),
(14290, 54, 2, 106, 2, 6.9),
(14291, 54, 1, 106, 3, 22.8),
(14292, 54, 2, 106, 3, 29.5),
(14293, 54, 1, 106, 4, 8.5),
(14294, 54, 2, 106, 4, 16.4),
(14295, 54, 1, 106, 5, 5.5),
(14296, 54, 1, 106, 6, 3.5),
(14297, 54, 2, 106, 5, 9.8),
(14298, 54, 2, 106, 6, 6.7),
(14299, 54, 1, 107, 1, 67.9),
(14300, 54, 1, 107, 2, 1.8),
(14301, 54, 1, 107, 3, 16.2),
(14302, 54, 1, 107, 4, 5.3),
(14303, 54, 1, 107, 5, 4.7),
(14304, 54, 1, 107, 6, 4.1),
(14305, 54, 2, 107, 1, 51.7),
(14306, 54, 2, 107, 2, 3.5),
(14307, 54, 2, 107, 3, 19.5),
(14308, 54, 2, 107, 4, 9.5),
(14309, 54, 2, 107, 5, 8.7),
(14310, 54, 2, 107, 6, 7.1),
(14311, 54, 1, 108, 1, 60.8),
(14312, 54, 2, 108, 1, 50.1),
(14313, 54, 1, 108, 2, 3.6),
(14314, 54, 2, 108, 2, 4.3),
(14315, 54, 1, 108, 3, 15.6),
(14316, 54, 1, 108, 4, 8.6),
(14317, 54, 2, 108, 3, 21.7),
(14318, 54, 2, 108, 4, 10.8),
(14319, 54, 1, 108, 5, 8),
(14320, 54, 1, 108, 6, 3.4),
(14321, 54, 2, 108, 5, 7.7),
(14322, 54, 2, 108, 6, 5.4),
(14323, 54, 2, 109, 1, 37.9),
(14324, 54, 2, 109, 2, 10.2),
(14325, 54, 2, 109, 3, 27.9),
(14326, 54, 2, 109, 4, 14.2),
(14327, 54, 2, 109, 5, 5.6),
(14328, 54, 2, 109, 6, 4.1),
(14329, 54, 1, 109, 1, 64.6),
(14330, 54, 1, 109, 2, 0.9),
(14331, 54, 1, 109, 3, 25.9),
(14332, 54, 1, 109, 4, 5.3),
(14333, 54, 1, 109, 5, 2),
(14334, 54, 1, 109, 6, 1.2),
(14335, 54, 1, 11, 1, 41.6),
(14336, 54, 2, 11, 1, 23.9),
(14337, 54, 2, 11, 2, 9),
(14338, 54, 1, 11, 2, 5),
(14339, 54, 2, 11, 3, 31.7),
(14340, 54, 1, 11, 3, 26.3),
(14341, 54, 2, 11, 4, 17.8),
(14342, 54, 2, 11, 5, 11),
(14343, 54, 1, 11, 4, 13.8),
(14344, 54, 2, 11, 6, 6.5),
(14345, 54, 1, 11, 5, 9),
(14346, 54, 1, 11, 6, 4.3),
(14347, 54, 1, 110, 1, 55.3),
(14348, 54, 1, 110, 2, 1.3),
(14349, 54, 1, 110, 3, 30.1),
(14350, 54, 1, 110, 4, 8.9),
(14351, 54, 1, 110, 5, 3.4),
(14352, 54, 1, 110, 6, 1),
(14353, 54, 2, 110, 1, 37.3),
(14354, 54, 2, 110, 2, 12.3),
(14355, 54, 2, 110, 3, 31.2),
(14356, 54, 2, 110, 4, 13.5),
(14357, 54, 2, 110, 5, 4.3),
(14358, 54, 2, 110, 6, 1.4),
(14359, 54, 1, 111, 1, 52.5),
(14360, 54, 1, 111, 2, 4.1),
(14361, 54, 1, 111, 3, 35.4),
(14362, 54, 1, 111, 4, 5.9),
(14363, 54, 1, 111, 5, 1.5),
(14364, 54, 1, 111, 6, 0.7),
(14365, 54, 2, 111, 1, 28.9),
(14366, 54, 2, 111, 2, 32.3),
(14367, 54, 2, 111, 3, 28.5),
(14368, 54, 2, 111, 4, 7.3),
(14369, 54, 2, 111, 5, 2.4),
(14370, 54, 2, 111, 6, 0.6),
(14371, 54, 2, 112, 1, 37.8),
(14372, 54, 2, 112, 2, 26.7),
(14373, 54, 2, 112, 3, 25),
(14374, 54, 2, 112, 4, 7.8),
(14375, 54, 2, 112, 5, 1.9),
(14376, 54, 2, 112, 6, 0.8),
(14377, 54, 1, 112, 1, 60.3),
(14378, 54, 1, 112, 2, 2.2),
(14379, 54, 1, 112, 3, 29.2),
(14380, 54, 1, 112, 4, 5.9),
(14381, 54, 1, 112, 5, 1.7),
(14382, 54, 1, 112, 6, 0.7),
(14383, 54, 2, 113, 1, 34.3),
(14384, 54, 2, 113, 2, 27),
(14385, 54, 2, 113, 3, 25.6),
(14386, 54, 2, 113, 4, 8.4),
(14387, 54, 2, 113, 5, 3.5),
(14388, 54, 2, 113, 6, 1.1),
(14389, 54, 1, 113, 1, 55.6),
(14390, 54, 1, 113, 2, 2.9),
(14391, 54, 1, 113, 3, 30.8),
(14392, 54, 1, 113, 4, 6.9),
(14393, 54, 1, 113, 5, 3.1),
(14394, 54, 1, 113, 6, 0.7),
(14395, 54, 1, 114, 1, 63),
(14396, 54, 2, 114, 1, 44.1),
(14397, 54, 1, 114, 2, 0.9),
(14398, 54, 2, 114, 2, 12.8),
(14399, 54, 1, 114, 3, 29.2),
(14400, 54, 2, 114, 3, 29.4),
(14401, 54, 1, 114, 4, 5.1),
(14402, 54, 2, 114, 4, 9.9),
(14403, 54, 1, 114, 5, 1.5),
(14404, 54, 2, 114, 5, 2.9),
(14405, 54, 1, 114, 6, 0.4),
(14406, 54, 2, 114, 6, 0.8),
(14407, 54, 2, 115, 1, 36.7),
(14408, 54, 2, 115, 2, 10.7),
(14409, 54, 2, 115, 3, 33.5),
(14410, 54, 2, 115, 4, 12.7),
(14411, 54, 2, 115, 5, 4.3),
(14412, 54, 2, 115, 6, 2.2),
(14413, 54, 1, 115, 1, 62),
(14414, 54, 1, 115, 2, 1),
(14415, 54, 1, 115, 3, 28.6),
(14416, 54, 1, 115, 4, 5.6),
(14417, 54, 1, 115, 5, 2),
(14418, 54, 1, 115, 6, 0.8),
(14419, 54, 2, 116, 1, 37.1),
(14420, 54, 2, 116, 2, 20),
(14421, 54, 2, 116, 3, 28),
(14422, 54, 2, 116, 4, 10.4),
(14423, 54, 2, 116, 5, 3.3),
(14424, 54, 2, 116, 6, 1.2),
(14425, 54, 1, 116, 1, 61.2),
(14426, 54, 1, 116, 2, 1),
(14427, 54, 1, 116, 3, 30.6),
(14428, 54, 1, 116, 4, 5.1),
(14429, 54, 1, 116, 5, 1.6),
(14430, 54, 1, 116, 6, 0.5),
(14431, 54, 2, 117, 1, 34.7),
(14432, 54, 2, 117, 2, 7.8),
(14433, 54, 2, 117, 3, 30.9),
(14434, 54, 2, 117, 4, 16.3),
(14435, 54, 2, 117, 5, 7.7),
(14436, 54, 2, 117, 6, 2.7),
(14437, 54, 1, 117, 1, 60.3),
(14438, 54, 1, 117, 2, 0.7),
(14439, 54, 1, 117, 3, 27.2),
(14440, 54, 1, 117, 4, 7.9),
(14441, 54, 1, 117, 5, 3),
(14442, 54, 1, 117, 6, 0.9),
(14443, 54, 1, 118, 1, 59.7),
(14444, 54, 2, 118, 1, 33.8),
(14445, 54, 1, 118, 2, 3.4),
(14446, 54, 2, 118, 2, 11.8),
(14447, 54, 1, 118, 3, 29.2),
(14448, 54, 2, 118, 3, 34.6),
(14449, 54, 1, 118, 4, 5.1),
(14450, 54, 2, 118, 4, 13.7),
(14451, 54, 2, 118, 5, 4.2),
(14452, 54, 1, 118, 5, 1.8),
(14453, 54, 1, 118, 6, 0.9),
(14454, 54, 2, 118, 6, 1.9),
(14455, 54, 1, 119, 1, 49.8),
(14456, 54, 2, 119, 1, 28.6),
(14457, 54, 1, 119, 2, 3.9),
(14458, 54, 2, 119, 2, 7.9),
(14459, 54, 1, 119, 3, 27.1),
(14460, 54, 2, 119, 3, 32.1),
(14461, 54, 1, 119, 4, 10.8),
(14462, 54, 2, 119, 4, 18.1),
(14463, 54, 1, 119, 5, 5.3),
(14464, 54, 2, 119, 5, 8.4),
(14465, 54, 1, 119, 6, 3.1),
(14466, 54, 2, 119, 6, 4.9),
(14467, 54, 2, 12, 1, 25.5),
(14468, 54, 1, 12, 1, 41.9),
(14469, 54, 2, 12, 2, 7.4),
(14470, 54, 2, 12, 3, 28.9),
(14471, 54, 1, 12, 2, 3.6),
(14472, 54, 2, 12, 4, 18.6),
(14473, 54, 1, 12, 3, 24.9),
(14474, 54, 2, 12, 5, 12),
(14475, 54, 1, 12, 4, 14.3),
(14476, 54, 2, 12, 6, 7.6),
(14477, 54, 1, 12, 5, 10.3),
(14478, 54, 1, 12, 6, 5),
(14479, 54, 1, 120, 1, 58.5),
(14480, 54, 1, 120, 2, 3.9),
(14481, 54, 1, 120, 3, 26.9),
(14482, 54, 1, 120, 4, 6.6),
(14483, 54, 1, 120, 5, 2.8),
(14484, 54, 1, 120, 6, 1.3),
(14485, 54, 2, 120, 1, 31.9),
(14486, 54, 2, 120, 2, 10.3),
(14487, 54, 2, 120, 3, 33.6),
(14488, 54, 2, 120, 4, 14.4),
(14489, 54, 2, 120, 5, 6.6),
(14490, 54, 2, 120, 6, 3.3),
(14491, 54, 2, 121, 1, 38),
(14492, 54, 2, 121, 2, 6.2),
(14493, 54, 2, 121, 3, 38),
(14494, 54, 2, 121, 4, 11.2),
(14495, 54, 2, 121, 5, 4.1),
(14496, 54, 2, 121, 6, 2.5),
(14497, 54, 1, 121, 1, 59),
(14498, 54, 1, 121, 2, 1.9),
(14499, 54, 1, 121, 3, 31.5),
(14500, 54, 1, 121, 4, 4.8),
(14501, 54, 1, 121, 5, 1.7),
(14502, 54, 1, 121, 6, 1),
(14503, 54, 1, 122, 1, 62.1),
(14504, 54, 1, 122, 2, 3.3),
(14505, 54, 1, 122, 3, 25.4),
(14506, 54, 1, 122, 4, 5.3),
(14507, 54, 1, 122, 5, 2.7),
(14508, 54, 1, 122, 6, 1.3),
(14509, 54, 2, 122, 1, 29.9),
(14510, 54, 2, 122, 2, 11.2),
(14511, 54, 2, 122, 3, 34.2),
(14512, 54, 2, 122, 4, 13),
(14513, 54, 2, 122, 5, 7.2),
(14514, 54, 2, 122, 6, 4.5),
(14515, 54, 1, 123, 1, 53.8),
(14516, 54, 1, 123, 2, 3.1),
(14517, 54, 1, 123, 3, 28.6),
(14518, 54, 1, 123, 4, 8.2),
(14519, 54, 1, 123, 5, 4.1),
(14520, 54, 1, 123, 6, 2.2),
(14521, 54, 2, 123, 1, 31.1),
(14522, 54, 2, 123, 2, 8),
(14523, 54, 2, 123, 3, 33.5),
(14524, 54, 2, 123, 4, 14.7),
(14525, 54, 2, 123, 5, 7.2),
(14526, 54, 2, 123, 6, 5.5),
(14527, 54, 2, 125, 1, 28.7),
(14528, 54, 2, 125, 2, 4.7),
(14529, 54, 2, 125, 3, 34.3),
(14530, 54, 2, 125, 4, 19.7),
(14531, 54, 2, 125, 5, 10.1),
(14532, 54, 2, 125, 6, 2.6),
(14533, 54, 1, 125, 1, 44.7),
(14534, 54, 1, 125, 2, 2.6),
(14535, 54, 1, 125, 3, 27.7),
(14536, 54, 1, 125, 4, 15.4),
(14537, 54, 1, 125, 5, 7.5),
(14538, 54, 1, 125, 6, 2.1),
(14539, 54, 2, 126, 1, 44),
(14540, 54, 2, 126, 2, 5.2),
(14541, 54, 2, 126, 3, 33.4),
(14542, 54, 2, 126, 4, 12.2),
(14543, 54, 2, 126, 5, 4),
(14544, 54, 2, 126, 6, 1.2),
(14545, 54, 1, 126, 1, 64.6),
(14546, 54, 1, 126, 2, 0.7),
(14547, 54, 1, 126, 3, 25.1),
(14548, 54, 1, 126, 4, 6.4),
(14549, 54, 1, 126, 5, 2.5),
(14550, 54, 1, 126, 6, 0.8),
(14551, 54, 1, 127, 1, 45),
(14552, 54, 1, 127, 2, 3),
(14553, 54, 1, 127, 3, 28.4),
(14554, 54, 1, 127, 4, 14),
(14555, 54, 1, 127, 5, 7),
(14556, 54, 1, 127, 6, 2.6),
(14557, 54, 2, 127, 1, 27.7),
(14558, 54, 2, 127, 2, 5.8),
(14559, 54, 2, 127, 3, 36),
(14560, 54, 2, 127, 4, 18.6),
(14561, 54, 2, 127, 5, 8.8),
(14562, 54, 2, 127, 6, 3),
(14563, 54, 2, 128, 1, 29.3),
(14564, 54, 2, 128, 2, 4.6),
(14565, 54, 2, 128, 3, 35.8),
(14566, 54, 2, 128, 4, 19),
(14567, 54, 2, 128, 5, 8.6),
(14568, 54, 2, 128, 6, 2.7),
(14569, 54, 1, 128, 1, 44.9),
(14570, 54, 1, 128, 2, 2.6),
(14571, 54, 1, 128, 3, 29.3),
(14572, 54, 1, 128, 4, 13.5),
(14573, 54, 1, 128, 5, 7.5),
(14574, 54, 1, 128, 6, 2.2),
(14575, 54, 1, 129, 1, 57.3),
(14576, 54, 1, 129, 2, 0.9),
(14577, 54, 1, 129, 3, 25.5),
(14578, 54, 1, 129, 4, 10),
(14579, 54, 1, 129, 5, 4.7),
(14580, 54, 1, 129, 6, 1.6),
(14581, 54, 2, 129, 1, 36.6),
(14582, 54, 2, 129, 2, 2.8),
(14583, 54, 2, 129, 3, 33.9),
(14584, 54, 2, 129, 4, 17.4),
(14585, 54, 2, 129, 5, 7.2),
(14586, 54, 2, 129, 6, 2.1),
(14587, 54, 2, 13, 1, 21.7),
(14588, 54, 2, 13, 2, 7.5),
(14589, 54, 2, 13, 3, 28.5),
(14590, 54, 2, 13, 4, 19.7),
(14591, 54, 2, 13, 5, 14.4),
(14592, 54, 2, 13, 6, 8.2),
(14593, 54, 1, 13, 1, 38.7),
(14594, 54, 1, 13, 2, 4.2),
(14595, 54, 1, 13, 3, 22.5),
(14596, 54, 1, 13, 4, 15.1),
(14597, 54, 1, 13, 5, 13.6),
(14598, 54, 1, 13, 6, 6),
(14599, 54, 2, 130, 1, 39.6),
(14600, 54, 2, 130, 2, 3.5),
(14601, 54, 2, 130, 3, 34.2),
(14602, 54, 2, 130, 4, 15.1),
(14603, 54, 2, 130, 5, 5.9),
(14604, 54, 2, 130, 6, 1.7),
(14605, 54, 1, 130, 1, 58.2),
(14606, 54, 1, 130, 2, 0.8),
(14607, 54, 1, 130, 3, 28.1),
(14608, 54, 1, 130, 4, 8.2),
(14609, 54, 1, 130, 5, 3.6),
(14610, 54, 1, 130, 6, 1.1),
(14611, 54, 1, 131, 1, 64.9),
(14612, 54, 1, 131, 2, 0.3),
(14613, 54, 1, 131, 3, 26.4),
(14614, 54, 1, 131, 4, 5.7),
(14615, 54, 1, 131, 5, 2.2),
(14616, 54, 1, 131, 6, 0.7),
(14617, 54, 2, 131, 1, 44.8),
(14618, 54, 2, 131, 2, 4),
(14619, 54, 2, 131, 3, 34.2),
(14620, 54, 2, 131, 4, 12.2),
(14621, 54, 2, 131, 5, 3.7),
(14622, 54, 2, 131, 6, 1.2),
(14623, 54, 2, 132, 1, 44.4),
(14624, 54, 2, 132, 2, 4.5),
(14625, 54, 2, 132, 3, 33),
(14626, 54, 2, 132, 4, 12.4),
(14627, 54, 2, 132, 5, 3.9),
(14628, 54, 2, 132, 6, 1.7),
(14629, 54, 1, 132, 1, 65.5),
(14630, 54, 1, 132, 2, 0.4),
(14631, 54, 1, 132, 3, 24.5),
(14632, 54, 1, 132, 4, 6.5),
(14633, 54, 1, 132, 5, 2.2),
(14634, 54, 1, 132, 6, 0.9),
(14635, 54, 2, 133, 1, 39.4),
(14636, 54, 2, 133, 2, 10),
(14637, 54, 2, 133, 3, 29.8),
(14638, 54, 2, 133, 4, 14.7),
(14639, 54, 2, 133, 5, 5.2),
(14640, 54, 2, 133, 6, 0.9),
(14641, 54, 1, 133, 1, 47.5),
(14642, 54, 1, 133, 2, 3.6),
(14643, 54, 1, 133, 3, 25.4),
(14644, 54, 1, 133, 4, 14.7),
(14645, 54, 1, 133, 5, 7.5),
(14646, 54, 1, 133, 6, 1.3),
(14647, 54, 1, 134, 1, 31.1),
(14648, 54, 1, 134, 2, 11.6),
(14649, 54, 1, 134, 3, 26.4),
(14650, 54, 1, 134, 4, 17.3),
(14651, 54, 1, 134, 5, 10.4),
(14652, 54, 1, 134, 6, 3.2),
(14653, 54, 2, 134, 1, 24.1),
(14654, 54, 2, 134, 2, 14.9),
(14655, 54, 2, 134, 3, 31),
(14656, 54, 2, 134, 4, 15.1),
(14657, 54, 2, 134, 5, 9),
(14658, 54, 2, 134, 6, 5.9),
(14659, 54, 2, 135, 1, 42.1),
(14660, 54, 2, 135, 2, 3.2),
(14661, 54, 2, 135, 3, 29.4),
(14662, 54, 2, 135, 4, 16.3),
(14663, 54, 2, 135, 5, 6.6),
(14664, 54, 2, 135, 6, 2.4),
(14665, 54, 1, 135, 1, 60.6),
(14666, 54, 1, 135, 2, 1.2),
(14667, 54, 1, 135, 3, 24.4),
(14668, 54, 1, 135, 4, 9),
(14669, 54, 1, 135, 5, 3.5),
(14670, 54, 1, 135, 6, 1.2),
(14671, 54, 2, 136, 1, 45.1),
(14672, 54, 2, 136, 2, 4.8),
(14673, 54, 2, 136, 3, 31.3),
(14674, 54, 2, 136, 4, 12.2),
(14675, 54, 2, 136, 5, 4.4),
(14676, 54, 2, 136, 6, 2.2),
(14677, 54, 1, 136, 1, 65.1),
(14678, 54, 1, 136, 2, 0.9),
(14679, 54, 1, 136, 3, 26),
(14680, 54, 1, 136, 4, 5.2),
(14681, 54, 1, 136, 5, 2),
(14682, 54, 1, 136, 6, 0.9),
(14683, 54, 1, 137, 1, 58.9),
(14684, 54, 1, 137, 2, 1.2),
(14685, 54, 1, 137, 3, 26.8),
(14686, 54, 1, 137, 4, 9.1),
(14687, 54, 1, 137, 5, 3.1),
(14688, 54, 1, 137, 6, 1),
(14689, 54, 2, 137, 1, 38.5),
(14690, 54, 2, 137, 2, 3.9),
(14691, 54, 2, 137, 3, 33),
(14692, 54, 2, 137, 4, 16.9),
(14693, 54, 2, 137, 5, 5.7),
(14694, 54, 2, 137, 6, 2),
(14695, 54, 2, 138, 1, 52.1),
(14696, 54, 2, 138, 2, 2.8),
(14697, 54, 2, 138, 3, 25.7),
(14698, 54, 2, 138, 4, 13.4),
(14699, 54, 2, 138, 5, 4.4),
(14700, 54, 2, 138, 6, 1.6),
(14701, 54, 1, 138, 1, 69.7),
(14702, 54, 1, 138, 2, 0.7),
(14703, 54, 1, 138, 3, 20.7),
(14704, 54, 1, 138, 4, 6.4),
(14705, 54, 1, 138, 5, 2),
(14706, 54, 1, 138, 6, 0.6),
(14707, 54, 2, 139, 1, 41.7),
(14708, 54, 1, 139, 1, 62.9),
(14709, 54, 2, 139, 2, 2.8),
(14710, 54, 1, 139, 2, 0.5),
(14711, 54, 2, 139, 3, 30.8),
(14712, 54, 1, 139, 3, 23.1),
(14713, 54, 2, 139, 4, 16.1),
(14714, 54, 1, 139, 4, 8.9),
(14715, 54, 2, 139, 5, 7.1),
(14716, 54, 1, 139, 5, 3.7),
(14717, 54, 2, 139, 6, 1.5),
(14718, 54, 1, 139, 6, 0.9),
(14719, 54, 2, 14, 1, 26.2),
(14720, 54, 2, 14, 2, 6.2),
(14721, 54, 2, 14, 3, 28.6),
(14722, 54, 2, 14, 4, 18.7),
(14723, 54, 2, 14, 5, 14.4),
(14724, 54, 2, 14, 6, 5.9),
(14725, 54, 1, 14, 1, 40.6),
(14726, 54, 1, 14, 2, 4.1),
(14727, 54, 1, 14, 3, 24),
(14728, 54, 1, 14, 4, 15.1),
(14729, 54, 1, 14, 5, 11.6),
(14730, 54, 1, 14, 6, 4.5),
(14731, 54, 1, 141, 1, 58.8),
(14732, 54, 1, 141, 2, 1.5),
(14733, 54, 1, 141, 3, 24.6),
(14734, 54, 1, 141, 4, 10),
(14735, 54, 1, 141, 5, 4),
(14736, 54, 1, 141, 6, 1),
(14737, 54, 2, 141, 1, 40.7),
(14738, 54, 2, 141, 2, 3.9),
(14739, 54, 2, 141, 3, 32.6),
(14740, 54, 2, 141, 4, 15.9),
(14741, 54, 2, 141, 5, 5.5),
(14742, 54, 2, 141, 6, 1.3),
(14743, 54, 2, 142, 1, 34),
(14744, 54, 2, 142, 2, 3.9),
(14745, 54, 2, 142, 3, 32.5),
(14746, 54, 2, 142, 4, 18.5),
(14747, 54, 2, 142, 5, 7.4),
(14748, 54, 2, 142, 6, 3.6),
(14749, 54, 1, 142, 1, 49.9),
(14750, 54, 1, 142, 2, 2),
(14751, 54, 1, 142, 3, 24.7),
(14752, 54, 1, 142, 4, 13.4),
(14753, 54, 1, 142, 5, 6.5),
(14754, 54, 1, 142, 6, 3.5),
(14755, 54, 1, 143, 1, 65.6),
(14756, 54, 1, 143, 2, 0.5),
(14757, 54, 1, 143, 3, 26.4),
(14758, 54, 1, 143, 4, 5.7),
(14759, 54, 1, 143, 5, 1.4),
(14760, 54, 1, 143, 6, 0.4),
(14761, 54, 2, 143, 1, 46.8),
(14762, 54, 2, 143, 2, 6),
(14763, 54, 2, 143, 3, 32.3),
(14764, 54, 2, 143, 4, 11.3),
(14765, 54, 2, 143, 5, 2.9),
(14766, 54, 2, 143, 6, 0.8),
(14767, 54, 2, 144, 1, 45),
(14768, 54, 2, 144, 2, 3.7),
(14769, 54, 2, 144, 3, 29),
(14770, 54, 2, 144, 4, 15.9),
(14771, 54, 2, 144, 5, 5.1),
(14772, 54, 2, 144, 6, 1.3),
(14773, 54, 1, 144, 1, 66.7),
(14774, 54, 1, 144, 2, 0.7),
(14775, 54, 1, 144, 3, 21.3),
(14776, 54, 1, 144, 4, 7.7),
(14777, 54, 1, 144, 5, 2.9),
(14778, 54, 1, 144, 6, 0.8),
(14779, 54, 1, 145, 1, 61.2),
(14780, 54, 1, 145, 2, 0.6),
(14781, 54, 1, 145, 3, 28),
(14782, 54, 1, 145, 4, 7.4),
(14783, 54, 1, 145, 5, 2.2),
(14784, 54, 1, 145, 6, 0.7),
(14785, 54, 2, 145, 1, 40.9),
(14786, 54, 2, 145, 2, 5.3),
(14787, 54, 2, 145, 3, 33.1),
(14788, 54, 2, 145, 4, 14.6),
(14789, 54, 2, 145, 5, 4.7),
(14790, 54, 2, 145, 6, 1.5),
(14791, 54, 2, 146, 1, 41.3),
(14792, 54, 2, 146, 2, 5.5),
(14793, 54, 2, 146, 3, 31.9),
(14794, 54, 2, 146, 4, 14.8),
(14795, 54, 2, 146, 5, 5.1),
(14796, 54, 2, 146, 6, 1.4),
(14797, 54, 1, 146, 1, 62.5),
(14798, 54, 1, 146, 2, 0.6),
(14799, 54, 1, 146, 3, 25.4),
(14800, 54, 1, 146, 4, 7.9),
(14801, 54, 1, 146, 5, 2.7),
(14802, 54, 1, 146, 6, 0.9),
(14803, 54, 2, 147, 1, 29.4),
(14804, 54, 2, 147, 2, 8.4),
(14805, 54, 2, 147, 3, 26.2),
(14806, 54, 2, 147, 4, 20),
(14807, 54, 2, 147, 5, 10.3),
(14808, 54, 2, 147, 6, 5.6),
(14809, 54, 1, 147, 1, 48.5),
(14810, 54, 1, 147, 2, 4.8),
(14811, 54, 1, 147, 3, 22.8),
(14812, 54, 1, 147, 4, 12.6),
(14813, 54, 1, 147, 5, 7.7),
(14814, 54, 1, 147, 6, 3.7),
(14815, 54, 2, 148, 1, 44.6),
(14816, 54, 2, 148, 2, 7.8),
(14817, 54, 2, 148, 3, 29.5),
(14818, 54, 2, 148, 4, 12.7),
(14819, 54, 2, 148, 5, 3.9),
(14820, 54, 2, 148, 6, 1.5),
(14821, 54, 1, 148, 1, 72.2),
(14822, 54, 1, 148, 2, 8.3),
(14823, 54, 1, 148, 3, 9.9),
(14824, 54, 1, 148, 4, 5.5),
(14825, 54, 1, 148, 5, 3),
(14826, 54, 1, 148, 6, 1.1),
(14827, 54, 2, 149, 1, 32.9),
(14828, 54, 1, 149, 1, 50.6),
(14829, 54, 1, 149, 2, 4.4),
(14830, 54, 2, 149, 2, 8.2),
(14831, 54, 1, 149, 3, 23.9),
(14832, 54, 2, 149, 3, 29.8),
(14833, 54, 1, 149, 4, 11.7),
(14834, 54, 1, 149, 5, 6.7),
(14835, 54, 2, 149, 4, 17.2),
(14836, 54, 2, 149, 5, 7.8),
(14837, 54, 1, 149, 6, 2.6),
(14838, 54, 2, 149, 6, 4),
(14839, 54, 2, 15, 1, 19.4),
(14840, 54, 1, 15, 1, 34.2),
(14841, 54, 2, 15, 2, 5.7),
(14842, 54, 2, 15, 3, 30.3),
(14843, 54, 1, 15, 2, 3.8),
(14844, 54, 2, 15, 4, 19.2),
(14845, 54, 1, 15, 3, 24.2),
(14846, 54, 2, 15, 5, 17.2),
(14847, 54, 1, 15, 4, 15.9),
(14848, 54, 2, 15, 6, 8.3),
(14849, 54, 1, 15, 5, 14.8),
(14850, 54, 1, 15, 6, 7.2),
(14851, 54, 1, 150, 1, 66.8),
(14852, 54, 1, 150, 2, 5.2),
(14853, 54, 1, 150, 3, 19.6),
(14854, 54, 1, 150, 4, 5.5),
(14855, 54, 1, 150, 5, 2.6),
(14856, 54, 1, 150, 6, 0.3),
(14857, 54, 2, 150, 1, 43.4),
(14858, 54, 2, 150, 2, 10.8),
(14859, 54, 2, 150, 3, 22.6),
(14860, 54, 2, 150, 4, 14.4),
(14861, 54, 2, 150, 5, 6.2),
(14862, 54, 2, 150, 6, 2.6),
(14863, 54, 2, 16, 1, 22.4),
(14864, 54, 2, 16, 2, 5.2),
(14865, 54, 2, 16, 3, 29.4),
(14866, 54, 2, 16, 4, 21.7),
(14867, 54, 2, 16, 5, 15),
(14868, 54, 2, 16, 6, 6.2),
(14869, 54, 1, 16, 1, 39.5),
(14870, 54, 1, 16, 2, 3.2),
(14871, 54, 1, 16, 3, 24),
(14872, 54, 1, 16, 4, 16.1),
(14873, 54, 1, 16, 5, 11.9),
(14874, 54, 1, 16, 6, 5.3),
(14875, 54, 1, 17, 1, 32.3),
(14876, 54, 1, 17, 2, 4.9),
(14877, 54, 1, 17, 3, 27.4),
(14878, 54, 1, 17, 4, 16.7),
(14879, 54, 1, 17, 5, 11.6),
(14880, 54, 1, 17, 6, 7.1),
(14881, 54, 2, 17, 1, 17.7),
(14882, 54, 2, 17, 2, 5.9),
(14883, 54, 2, 17, 3, 29.3),
(14884, 54, 2, 17, 4, 20.4),
(14885, 54, 2, 17, 5, 15.2),
(14886, 54, 2, 17, 6, 11.6),
(14887, 54, 2, 18, 1, 18.6),
(14888, 54, 2, 18, 2, 6.6),
(14889, 54, 2, 18, 3, 28.5),
(14890, 54, 2, 18, 4, 19.3),
(14891, 54, 2, 18, 5, 16.2),
(14892, 54, 2, 18, 6, 10.7),
(14893, 54, 1, 18, 1, 34.5),
(14894, 54, 1, 18, 2, 4.8),
(14895, 54, 1, 18, 3, 26.4),
(14896, 54, 1, 18, 4, 14.8),
(14897, 54, 1, 18, 5, 12.9),
(14898, 54, 1, 18, 6, 6.5),
(14899, 54, 2, 19, 1, 24.1),
(14900, 54, 1, 19, 1, 40.3),
(14901, 54, 2, 19, 2, 4.6),
(14902, 54, 2, 19, 3, 28.5),
(14903, 54, 1, 19, 2, 3.9),
(14904, 54, 2, 19, 4, 19.9),
(14905, 54, 1, 19, 3, 25.5),
(14906, 54, 1, 19, 4, 15.2),
(14907, 54, 2, 19, 5, 14.5),
(14908, 54, 1, 19, 5, 10.1),
(14909, 54, 2, 19, 6, 8.3),
(14910, 54, 1, 19, 6, 5.1),
(14911, 54, 2, 2, 1, 25),
(14912, 54, 1, 2, 1, 41.9),
(14913, 54, 1, 2, 2, 3),
(14914, 54, 2, 2, 2, 4.6),
(14915, 54, 2, 2, 3, 34.9),
(14916, 54, 1, 2, 3, 29.3),
(14917, 54, 2, 2, 4, 18),
(14918, 54, 1, 2, 4, 12.6),
(14919, 54, 2, 2, 5, 10.1),
(14920, 54, 1, 2, 5, 8),
(14921, 54, 1, 2, 6, 5.2),
(14922, 54, 2, 2, 6, 7.4),
(14923, 54, 1, 20, 1, 41.4),
(14924, 54, 1, 20, 2, 4),
(14925, 54, 1, 20, 3, 26.6),
(14926, 54, 1, 20, 4, 14.1),
(14927, 54, 1, 20, 5, 9.5),
(14928, 54, 1, 20, 6, 4.4),
(14929, 54, 2, 20, 1, 20.8),
(14930, 54, 2, 20, 2, 4.5),
(14931, 54, 2, 20, 3, 31.3),
(14932, 54, 2, 20, 4, 20.8),
(14933, 54, 2, 20, 5, 12.3),
(14934, 54, 2, 20, 6, 10.2),
(14935, 54, 1, 21, 1, 42.3),
(14936, 54, 1, 21, 2, 3.4),
(14937, 54, 1, 21, 3, 25),
(14938, 54, 1, 21, 4, 14),
(14939, 54, 1, 21, 5, 9.2),
(14940, 54, 1, 21, 6, 6),
(14941, 54, 2, 21, 1, 24),
(14942, 54, 2, 21, 2, 4.2),
(14943, 54, 2, 21, 3, 30.1),
(14944, 54, 2, 21, 4, 19.1),
(14945, 54, 2, 21, 5, 10.9),
(14946, 54, 2, 21, 6, 11.8),
(14947, 54, 1, 22, 1, 37.7),
(14948, 54, 1, 22, 2, 3.6),
(14949, 54, 1, 22, 3, 23.7),
(14950, 54, 1, 22, 4, 14.7),
(14951, 54, 1, 22, 5, 11.2),
(14952, 54, 1, 22, 6, 9.2),
(14953, 54, 2, 22, 1, 23.6),
(14954, 54, 2, 22, 2, 5),
(14955, 54, 2, 22, 3, 31.4),
(14956, 54, 2, 22, 4, 17.7),
(14957, 54, 2, 22, 5, 12.2),
(14958, 54, 2, 22, 6, 10),
(14959, 54, 1, 23, 1, 32.8),
(14960, 54, 1, 23, 2, 4.4),
(14961, 54, 1, 23, 3, 25),
(14962, 54, 1, 23, 4, 16.1),
(14963, 54, 1, 23, 5, 12.9),
(14964, 54, 1, 23, 6, 8.8),
(14965, 54, 2, 23, 1, 18.2),
(14966, 54, 2, 23, 2, 5.9),
(14967, 54, 2, 23, 3, 30.1),
(14968, 54, 2, 23, 4, 19.6),
(14969, 54, 2, 23, 5, 15.9),
(14970, 54, 2, 23, 6, 10.2),
(14971, 54, 2, 24, 1, 25.8),
(14972, 54, 1, 24, 1, 43.7),
(14973, 54, 2, 24, 2, 4.9),
(14974, 54, 2, 24, 3, 31.9),
(14975, 54, 1, 24, 2, 3.3),
(14976, 54, 1, 24, 3, 25.9),
(14977, 54, 2, 24, 4, 18.3),
(14978, 54, 1, 24, 4, 13.4),
(14979, 54, 2, 24, 5, 12.2),
(14980, 54, 1, 24, 5, 9),
(14981, 54, 2, 24, 6, 7),
(14982, 54, 1, 24, 6, 4.8),
(14983, 54, 1, 25, 1, 36.8),
(14984, 54, 1, 25, 2, 3.8),
(14985, 54, 1, 25, 3, 23.2),
(14986, 54, 1, 25, 4, 14.8),
(14987, 54, 1, 25, 5, 13.6),
(14988, 54, 1, 25, 6, 7.9),
(14989, 54, 2, 25, 1, 20.9),
(14990, 54, 2, 25, 2, 5),
(14991, 54, 2, 25, 3, 27.8),
(14992, 54, 2, 25, 4, 18.1),
(14993, 54, 2, 25, 5, 17.5),
(14994, 54, 2, 25, 6, 10.6),
(14995, 54, 1, 26, 1, 52.8),
(14996, 54, 2, 26, 1, 35),
(14997, 54, 1, 26, 2, 2.4),
(14998, 54, 2, 26, 2, 3.6),
(14999, 54, 1, 26, 3, 28.5),
(15000, 54, 2, 26, 3, 37.2),
(15001, 54, 1, 26, 4, 10.9),
(15002, 54, 2, 26, 4, 17.3),
(15003, 54, 1, 26, 5, 4.2),
(15004, 54, 2, 26, 5, 5.3),
(15005, 54, 1, 26, 6, 1.2),
(15006, 54, 2, 26, 6, 1.6),
(15007, 54, 2, 27, 1, 22.6),
(15008, 54, 2, 27, 2, 4.7),
(15009, 54, 2, 27, 3, 29.1),
(15010, 54, 2, 27, 4, 18.8),
(15011, 54, 2, 27, 5, 15.9),
(15012, 54, 2, 27, 6, 8.8),
(15013, 54, 1, 27, 1, 39.2),
(15014, 54, 1, 27, 2, 3.1),
(15015, 54, 1, 27, 3, 23.4),
(15016, 54, 1, 27, 4, 15.2),
(15017, 54, 1, 27, 5, 12.4),
(15018, 54, 1, 27, 6, 6.7),
(15019, 54, 1, 28, 1, 41.5),
(15020, 54, 2, 28, 1, 24),
(15021, 54, 1, 28, 2, 3.7),
(15022, 54, 1, 28, 3, 23.5),
(15023, 54, 2, 28, 2, 4.7),
(15024, 54, 1, 28, 4, 15),
(15025, 54, 2, 28, 3, 27.6),
(15026, 54, 1, 28, 5, 10.6),
(15027, 54, 2, 28, 4, 19.5),
(15028, 54, 2, 28, 5, 15),
(15029, 54, 1, 28, 6, 5.6),
(15030, 54, 2, 28, 6, 9.2),
(15031, 54, 2, 29, 1, 25.1),
(15032, 54, 2, 29, 2, 4.1),
(15033, 54, 2, 29, 3, 30.9),
(15034, 54, 2, 29, 4, 17.7),
(15035, 54, 2, 29, 5, 13),
(15036, 54, 2, 29, 6, 9.2),
(15037, 54, 1, 29, 1, 42.9),
(15038, 54, 1, 29, 2, 2.9),
(15039, 54, 1, 29, 3, 23.9),
(15040, 54, 1, 29, 4, 13.2),
(15041, 54, 1, 29, 5, 10.8),
(15042, 54, 1, 29, 6, 6.3),
(15043, 54, 1, 3, 1, 50.6),
(15044, 54, 1, 3, 2, 3.1),
(15045, 54, 1, 3, 3, 26.9),
(15046, 54, 1, 3, 4, 10.3),
(15047, 54, 1, 3, 5, 5.4),
(15048, 54, 1, 3, 6, 3.7),
(15049, 54, 2, 3, 1, 30.4),
(15050, 54, 2, 3, 2, 5.6),
(15051, 54, 2, 3, 3, 33.5),
(15052, 54, 2, 3, 4, 16.2),
(15053, 54, 2, 3, 5, 8.2),
(15054, 54, 2, 3, 6, 6.2),
(15055, 54, 1, 30, 1, 40.2),
(15056, 54, 1, 30, 2, 3.1),
(15057, 54, 1, 30, 3, 20.8),
(15058, 54, 1, 30, 4, 14.7),
(15059, 54, 1, 30, 5, 12.6),
(15060, 54, 1, 30, 6, 8.7),
(15061, 54, 2, 30, 1, 22.4),
(15062, 54, 2, 30, 2, 5),
(15063, 54, 2, 30, 3, 25.8),
(15064, 54, 2, 30, 4, 19.7),
(15065, 54, 2, 30, 5, 16.2),
(15066, 54, 2, 30, 6, 10.9),
(15067, 54, 2, 31, 1, 22.7),
(15068, 54, 2, 31, 2, 9.1),
(15069, 54, 2, 31, 3, 25.4),
(15070, 54, 2, 31, 4, 18.5),
(15071, 54, 2, 31, 5, 13.9),
(15072, 54, 2, 31, 6, 10.4),
(15073, 54, 1, 31, 1, 38),
(15074, 54, 1, 31, 2, 6.5),
(15075, 54, 1, 31, 3, 21.9),
(15076, 54, 1, 31, 4, 14.8),
(15077, 54, 1, 31, 5, 11.5),
(15078, 54, 1, 31, 6, 7.2),
(15079, 54, 1, 32, 1, 41.5),
(15080, 54, 1, 32, 2, 4.4),
(15081, 54, 1, 32, 3, 19.5),
(15082, 54, 1, 32, 4, 11.6),
(15083, 54, 2, 32, 1, 28.3),
(15084, 54, 1, 32, 5, 11.5),
(15085, 54, 2, 32, 2, 5.9),
(15086, 54, 1, 32, 6, 11.7),
(15087, 54, 2, 32, 3, 21.9),
(15088, 54, 2, 32, 4, 14.3),
(15089, 54, 2, 32, 5, 13.9),
(15090, 54, 2, 32, 6, 15.7),
(15091, 54, 2, 33, 1, 24),
(15092, 54, 2, 33, 2, 7.4),
(15093, 54, 2, 33, 3, 27.4),
(15094, 54, 2, 33, 4, 18.8),
(15095, 54, 2, 33, 5, 14.4),
(15096, 54, 2, 33, 6, 7.9),
(15097, 54, 1, 33, 1, 37.6),
(15098, 54, 1, 33, 2, 5.3),
(15099, 54, 1, 33, 3, 23.6),
(15100, 54, 1, 33, 4, 15.1),
(15101, 54, 1, 33, 5, 12.2),
(15102, 54, 1, 33, 6, 6.1),
(15103, 54, 2, 34, 1, 21.4),
(15104, 54, 2, 34, 2, 9.9),
(15105, 54, 2, 34, 3, 25.1),
(15106, 54, 2, 34, 4, 19.3),
(15107, 54, 2, 34, 5, 13.9),
(15108, 54, 2, 34, 6, 10.3),
(15109, 54, 1, 34, 1, 43.1),
(15110, 54, 1, 34, 2, 4.9),
(15111, 54, 1, 34, 3, 21.6),
(15112, 54, 1, 34, 4, 13.1),
(15113, 54, 1, 34, 5, 10.7),
(15114, 54, 1, 34, 6, 6.4),
(15115, 54, 2, 35, 1, 19.2),
(15116, 54, 2, 35, 2, 11.3),
(15117, 54, 2, 35, 3, 29.3),
(15118, 54, 2, 35, 4, 19.5),
(15119, 54, 2, 35, 5, 12.6),
(15120, 54, 1, 35, 1, 33.7),
(15121, 54, 2, 35, 6, 8.1),
(15122, 54, 1, 35, 2, 5),
(15123, 54, 1, 35, 3, 26.6),
(15124, 54, 1, 35, 4, 16.4),
(15125, 54, 1, 35, 5, 11.3),
(15126, 54, 1, 35, 6, 6.9),
(15127, 54, 1, 36, 1, 37.2),
(15128, 54, 1, 36, 2, 4.8),
(15129, 54, 1, 36, 3, 28.2),
(15130, 54, 1, 36, 4, 15.8),
(15131, 54, 1, 36, 5, 8.9),
(15132, 54, 1, 36, 6, 5),
(15133, 54, 2, 36, 1, 21.7),
(15134, 54, 2, 36, 2, 12),
(15135, 54, 2, 36, 3, 31.7),
(15136, 54, 2, 36, 4, 19.4),
(15137, 54, 2, 36, 5, 9.6),
(15138, 54, 2, 36, 6, 5.6),
(15139, 54, 2, 37, 1, 18.7),
(15140, 54, 2, 37, 2, 10.6),
(15141, 54, 2, 37, 3, 30.1),
(15142, 54, 2, 37, 4, 19.1),
(15143, 54, 2, 37, 5, 12.1),
(15144, 54, 2, 37, 6, 9.4),
(15145, 54, 1, 37, 1, 34.2),
(15146, 54, 1, 37, 2, 4),
(15147, 54, 1, 37, 3, 26),
(15148, 54, 1, 37, 4, 15.5),
(15149, 54, 1, 37, 5, 11.2),
(15150, 54, 1, 37, 6, 9.1),
(15151, 54, 1, 38, 1, NULL),
(15152, 54, 2, 38, 1, NULL),
(15153, 54, 1, 38, 2, NULL),
(15154, 54, 1, 38, 3, NULL),
(15155, 54, 2, 38, 2, NULL),
(15156, 54, 1, 38, 4, NULL),
(15157, 54, 2, 38, 3, NULL),
(15158, 54, 1, 38, 5, NULL),
(15159, 54, 2, 38, 4, NULL),
(15160, 54, 1, 38, 6, NULL),
(15161, 54, 2, 38, 5, NULL),
(15162, 54, 2, 38, 6, NULL),
(15163, 54, 2, 39, 1, 21.3),
(15164, 54, 2, 39, 2, 7.9),
(15165, 54, 2, 39, 3, 32.1),
(15166, 54, 2, 39, 4, 19),
(15167, 54, 2, 39, 5, 11.9),
(15168, 54, 2, 39, 6, 7.7),
(15169, 54, 1, 39, 1, 37),
(15170, 54, 1, 39, 2, 4.2),
(15171, 54, 1, 39, 3, 26.7),
(15172, 54, 1, 39, 4, 15.3),
(15173, 54, 1, 39, 5, 10.7),
(15174, 54, 1, 39, 6, 6.1),
(15175, 54, 1, 4, 1, 43.1),
(15176, 54, 1, 4, 2, 1.9),
(15177, 54, 1, 4, 3, 23.3),
(15178, 54, 1, 4, 4, 15.7),
(15179, 54, 1, 4, 5, 10),
(15180, 54, 1, 4, 6, 6),
(15181, 54, 2, 4, 1, 27.6),
(15182, 54, 2, 4, 2, 2.5),
(15183, 54, 2, 4, 3, 28.6),
(15184, 54, 2, 4, 4, 21.4),
(15185, 54, 2, 4, 5, 12.7),
(15186, 54, 2, 4, 6, 7.1),
(15187, 54, 2, 40, 1, 23.2),
(15188, 54, 2, 40, 2, 6.3),
(15189, 54, 2, 40, 3, 29.6),
(15190, 54, 2, 40, 4, 18.9),
(15191, 54, 2, 40, 5, 11.6),
(15192, 54, 2, 40, 6, 10.3),
(15193, 54, 1, 40, 1, 42.5),
(15194, 54, 1, 40, 2, 3.5),
(15195, 54, 1, 40, 3, 23.7),
(15196, 54, 1, 40, 4, 12.8),
(15197, 54, 1, 40, 5, 11.1),
(15198, 54, 1, 40, 6, 6.3),
(15199, 54, 2, 41, 1, 18.8),
(15200, 54, 2, 41, 2, 10.9),
(15201, 54, 2, 41, 3, 29.3),
(15202, 54, 2, 41, 4, 18.6),
(15203, 54, 2, 41, 5, 12.9),
(15204, 54, 2, 41, 6, 9.5),
(15205, 54, 1, 41, 1, 36),
(15206, 54, 1, 41, 2, 4.5),
(15207, 54, 1, 41, 3, 25.1),
(15208, 54, 1, 41, 4, 14.9),
(15209, 54, 1, 41, 5, 11.8),
(15210, 54, 1, 41, 6, 7.7),
(15211, 54, 1, 42, 1, 37.4),
(15212, 54, 1, 42, 2, 4.5),
(15213, 54, 1, 42, 3, 24.6),
(15214, 54, 1, 42, 4, 14.1),
(15215, 54, 1, 42, 5, 12.6),
(15216, 54, 1, 42, 6, 6.8),
(15217, 54, 2, 42, 1, 19.8),
(15218, 54, 2, 42, 2, 7.9),
(15219, 54, 2, 42, 3, 29.3),
(15220, 54, 2, 42, 4, 17.7),
(15221, 54, 2, 42, 5, 15.7),
(15222, 54, 2, 42, 6, 9.5),
(15223, 54, 1, 43, 1, 32.5),
(15224, 54, 1, 43, 2, 5.6),
(15225, 54, 1, 43, 3, 23.9),
(15226, 54, 1, 43, 4, 15.1),
(15227, 54, 1, 43, 5, 12.8),
(15228, 54, 1, 43, 6, 10),
(15229, 54, 2, 43, 1, 17.3),
(15230, 54, 2, 43, 2, 8.6),
(15231, 54, 2, 43, 3, 28.3),
(15232, 54, 2, 43, 4, 18.7),
(15233, 54, 2, 43, 5, 14.9),
(15234, 54, 2, 43, 6, 12.3),
(15235, 54, 1, 44, 1, 39.8),
(15236, 54, 2, 44, 1, 21.9),
(15237, 54, 1, 44, 2, 5.9),
(15238, 54, 2, 44, 2, 10.5),
(15239, 54, 1, 44, 3, 24.9),
(15240, 54, 1, 44, 4, 14.5),
(15241, 54, 2, 44, 3, 30),
(15242, 54, 1, 44, 5, 9.5),
(15243, 54, 2, 44, 4, 18.7),
(15244, 54, 1, 44, 6, 5.4),
(15245, 54, 2, 44, 5, 12.2),
(15246, 54, 2, 44, 6, 6.7),
(15247, 54, 1, 45, 1, 48),
(15248, 54, 1, 45, 2, 5.2),
(15249, 54, 1, 45, 3, 25.6),
(15250, 54, 1, 45, 4, 11.2),
(15251, 54, 1, 45, 5, 6.3),
(15252, 54, 1, 45, 6, 3.6),
(15253, 54, 2, 45, 1, 28.2),
(15254, 54, 2, 45, 2, 8.6),
(15255, 54, 2, 45, 3, 31),
(15256, 54, 2, 45, 4, 16),
(15257, 54, 2, 45, 5, 9.9),
(15258, 54, 2, 45, 6, 6.4),
(15259, 54, 1, 46, 1, 42.2),
(15260, 54, 2, 46, 1, 23.4),
(15261, 54, 1, 46, 2, 4.7),
(15262, 54, 2, 46, 2, 8.4),
(15263, 54, 1, 46, 3, 26.7),
(15264, 54, 2, 46, 3, 31.9),
(15265, 54, 1, 46, 4, 12.9),
(15266, 54, 2, 46, 4, 17.5),
(15267, 54, 1, 46, 5, 8.4),
(15268, 54, 2, 46, 5, 11),
(15269, 54, 1, 46, 6, 5.2),
(15270, 54, 2, 46, 6, 7.8),
(15271, 54, 2, 47, 1, 15.5),
(15272, 54, 2, 47, 2, 11.2),
(15273, 54, 2, 47, 3, 28.9),
(15274, 54, 2, 47, 4, 18),
(15275, 54, 2, 47, 5, 14.8),
(15276, 54, 2, 47, 6, 11.6),
(15277, 54, 1, 47, 1, 38.1),
(15278, 54, 1, 47, 2, 7),
(15279, 54, 1, 47, 3, 24.2),
(15280, 54, 1, 47, 4, 12.2),
(15281, 54, 1, 47, 5, 12),
(15282, 54, 1, 47, 6, 6.6),
(15283, 54, 2, 48, 1, 20.1),
(15284, 54, 1, 48, 1, 38.9),
(15285, 54, 1, 48, 2, 5.9),
(15286, 54, 1, 48, 3, 25.5),
(15287, 54, 2, 48, 2, 7.7),
(15288, 54, 2, 48, 3, 29.5),
(15289, 54, 1, 48, 4, 12.8),
(15290, 54, 1, 48, 5, 10.1),
(15291, 54, 2, 48, 4, 17.9),
(15292, 54, 1, 48, 6, 6.8),
(15293, 54, 2, 48, 5, 13.5),
(15294, 54, 2, 48, 6, 11.4),
(15295, 54, 2, 49, 1, 16.2),
(15296, 54, 2, 49, 2, 5.5),
(15297, 54, 2, 49, 3, 27.6),
(15298, 54, 2, 49, 4, 19.1),
(15299, 54, 2, 49, 5, 19.3),
(15300, 54, 2, 49, 6, 12.3),
(15301, 54, 1, 49, 1, 28.3),
(15302, 54, 1, 49, 2, 3.7),
(15303, 54, 1, 49, 3, 23.4),
(15304, 54, 1, 49, 4, 15.9),
(15305, 54, 1, 49, 5, 17.2),
(15306, 54, 1, 49, 6, 11.5),
(15307, 54, 2, 5, 1, 23.8),
(15308, 54, 2, 5, 2, 4.2),
(15309, 54, 2, 5, 3, 32.9),
(15310, 54, 2, 5, 4, 19.3),
(15311, 54, 2, 5, 5, 12.3),
(15312, 54, 2, 5, 6, 7.5),
(15313, 54, 1, 5, 1, 40.8),
(15314, 54, 1, 5, 2, 2.7),
(15315, 54, 1, 5, 3, 27.2),
(15316, 54, 1, 5, 4, 14.1),
(15317, 54, 1, 5, 5, 9.7),
(15318, 54, 1, 5, 6, 5.4),
(15319, 54, 1, 50, 1, 29.7),
(15320, 54, 1, 50, 2, 3.9),
(15321, 54, 1, 50, 3, 24.1),
(15322, 54, 1, 50, 4, 16.8),
(15323, 54, 1, 50, 5, 15.5),
(15324, 54, 1, 50, 6, 10),
(15325, 54, 2, 50, 1, 17.2),
(15326, 54, 2, 50, 2, 5.5),
(15327, 54, 2, 50, 3, 28.5),
(15328, 54, 2, 50, 4, 19.6),
(15329, 54, 2, 50, 5, 18),
(15330, 54, 2, 50, 6, 11.2),
(15331, 54, 1, 51, 1, 31.5),
(15332, 54, 1, 51, 2, 3.7),
(15333, 54, 1, 51, 3, 22.3),
(15334, 54, 1, 51, 4, 16),
(15335, 54, 1, 51, 5, 16.6),
(15336, 54, 1, 51, 6, 9.9),
(15337, 54, 2, 51, 1, 18.7),
(15338, 54, 2, 51, 2, 5.4),
(15339, 54, 2, 51, 3, 26.5),
(15340, 54, 2, 51, 4, 18),
(15341, 54, 2, 51, 5, 19.9),
(15342, 54, 2, 51, 6, 11.5),
(15343, 54, 2, 52, 1, 25.1),
(15344, 54, 2, 52, 2, 6.9),
(15345, 54, 2, 52, 3, 33.5),
(15346, 54, 2, 52, 4, 18.9),
(15347, 54, 2, 52, 5, 10.6),
(15348, 54, 2, 52, 6, 5),
(15349, 54, 1, 52, 1, 39),
(15350, 54, 1, 52, 2, 4),
(15351, 54, 1, 52, 3, 27.5),
(15352, 54, 1, 52, 4, 15.2),
(15353, 54, 1, 52, 5, 9.6),
(15354, 54, 1, 52, 6, 4.7),
(15355, 54, 1, 53, 1, 37.4),
(15356, 54, 2, 53, 1, 25),
(15357, 54, 1, 53, 2, 3.6),
(15358, 54, 2, 53, 2, 5.6),
(15359, 54, 1, 53, 3, 27.9),
(15360, 54, 2, 53, 3, 34.5),
(15361, 54, 1, 53, 4, 16.3),
(15362, 54, 2, 53, 4, 18.9),
(15363, 54, 1, 53, 5, 10.9),
(15364, 54, 2, 53, 5, 11.7),
(15365, 54, 1, 53, 6, 3.9),
(15366, 54, 2, 53, 6, 4.3),
(15367, 54, 2, 54, 1, 19.5),
(15368, 54, 2, 54, 2, 5.1),
(15369, 54, 2, 54, 3, 29),
(15370, 54, 2, 54, 4, 21),
(15371, 54, 2, 54, 5, 15.7),
(15372, 54, 2, 54, 6, 9.8),
(15373, 54, 1, 54, 1, 34),
(15374, 54, 1, 54, 2, 3.9),
(15375, 54, 1, 54, 3, 23.8),
(15376, 54, 1, 54, 4, 16.8),
(15377, 54, 1, 54, 5, 13.4),
(15378, 54, 1, 54, 6, 8),
(15379, 54, 2, 55, 1, 23.1),
(15380, 54, 2, 55, 2, 5.2),
(15381, 54, 2, 55, 3, 29.5),
(15382, 54, 2, 55, 4, 18.4),
(15383, 54, 2, 55, 5, 15.8),
(15384, 54, 2, 55, 6, 8.1),
(15385, 54, 1, 55, 1, 36),
(15386, 54, 1, 55, 2, 3.3),
(15387, 54, 1, 55, 3, 24.8),
(15388, 54, 1, 55, 4, 15.4),
(15389, 54, 1, 55, 5, 14),
(15390, 54, 1, 55, 6, 6.5),
(15391, 54, 2, 56, 1, 22.6),
(15392, 54, 2, 56, 2, 4.5),
(15393, 54, 2, 56, 3, 29.1),
(15394, 54, 2, 56, 4, 18.5),
(15395, 54, 2, 56, 5, 15.6),
(15396, 54, 2, 56, 6, 9.7),
(15397, 54, 1, 56, 1, 37.3),
(15398, 54, 1, 56, 2, 2.9),
(15399, 54, 1, 56, 3, 23),
(15400, 54, 1, 56, 4, 15.3),
(15401, 54, 1, 56, 5, 14),
(15402, 54, 1, 56, 6, 7.5),
(15403, 54, 2, 57, 1, 25.1),
(15404, 54, 2, 57, 2, 5.6),
(15405, 54, 2, 57, 3, 30.3),
(15406, 54, 2, 57, 4, 18.1),
(15407, 54, 2, 57, 5, 12.1),
(15408, 54, 2, 57, 6, 8.8),
(15409, 54, 1, 57, 1, 40.1),
(15410, 54, 1, 57, 2, 3.4),
(15411, 54, 1, 57, 3, 24),
(15412, 54, 1, 57, 4, 15.5),
(15413, 54, 1, 57, 5, 10.5),
(15414, 54, 1, 57, 6, 6.5),
(15415, 54, 1, 58, 1, 34.3),
(15416, 54, 1, 58, 2, 6.8),
(15417, 54, 1, 58, 3, 27.8),
(15418, 54, 1, 58, 4, 14.8),
(15419, 54, 1, 58, 5, 11.3),
(15420, 54, 1, 58, 6, 5),
(15421, 54, 2, 58, 1, 21.9),
(15422, 54, 2, 58, 2, 8.8),
(15423, 54, 2, 58, 3, 33.6),
(15424, 54, 2, 58, 4, 17.3),
(15425, 54, 2, 58, 5, 11.3),
(15426, 54, 2, 58, 6, 7),
(15427, 54, 2, 6, 1, 30.3),
(15428, 54, 2, 6, 2, 4.9),
(15429, 54, 2, 6, 3, 29.2),
(15430, 54, 2, 6, 4, 18.7),
(15431, 54, 2, 6, 5, 10.8),
(15432, 54, 2, 6, 6, 6.1),
(15433, 54, 1, 6, 1, 47.5),
(15434, 54, 1, 6, 2, 2.8),
(15435, 54, 1, 6, 3, 23.8),
(15436, 54, 1, 6, 4, 13.1),
(15437, 54, 1, 6, 5, 8.5),
(15438, 54, 1, 6, 6, 4.3),
(15439, 54, 1, 60, 1, 38.8),
(15440, 54, 1, 60, 2, 3.7),
(15441, 54, 1, 60, 3, 23.3),
(15442, 54, 1, 60, 4, 15.9),
(15443, 54, 1, 60, 5, 11.9),
(15444, 54, 1, 60, 6, 6.4),
(15445, 54, 2, 60, 1, 22.6),
(15446, 54, 2, 60, 2, 5.6),
(15447, 54, 2, 60, 3, 28.3),
(15448, 54, 2, 60, 4, 19.5),
(15449, 54, 2, 60, 5, 15),
(15450, 54, 2, 60, 6, 9),
(15451, 54, 1, 61, 1, 43),
(15452, 54, 1, 61, 2, 4),
(15453, 54, 1, 61, 3, 23),
(15454, 54, 1, 61, 4, 14.3),
(15455, 54, 1, 61, 5, 10.2),
(15456, 54, 1, 61, 6, 5.5),
(15457, 54, 2, 61, 1, 25.2),
(15458, 54, 2, 61, 2, 7.3),
(15459, 54, 2, 61, 3, 26.6),
(15460, 54, 2, 61, 4, 17.9),
(15461, 54, 2, 61, 5, 13.2),
(15462, 54, 2, 61, 6, 9.9),
(15463, 54, 2, 62, 1, 27.9),
(15464, 54, 1, 62, 1, 45.4),
(15465, 54, 2, 62, 2, 5.1),
(15466, 54, 1, 62, 2, 3.1),
(15467, 54, 2, 62, 3, 32.5),
(15468, 54, 1, 62, 3, 25.3),
(15469, 54, 2, 62, 4, 18),
(15470, 54, 1, 62, 4, 14.2),
(15471, 54, 2, 62, 5, 10.5),
(15472, 54, 2, 62, 6, 5.9),
(15473, 54, 1, 62, 5, 8.2),
(15474, 54, 1, 62, 6, 3.8),
(15475, 54, 2, 63, 1, 29),
(15476, 54, 2, 63, 2, 5.7),
(15477, 54, 2, 63, 3, 24.8),
(15478, 54, 2, 63, 4, 18.8),
(15479, 54, 2, 63, 5, 14.5),
(15480, 54, 2, 63, 6, 7.3),
(15481, 54, 1, 63, 1, 45.6),
(15482, 54, 1, 63, 2, 4),
(15483, 54, 1, 63, 3, 20.8),
(15484, 54, 1, 63, 4, 14.5),
(15485, 54, 1, 63, 5, 10.5),
(15486, 54, 1, 63, 6, 4.6),
(15487, 54, 1, 64, 1, 37.4),
(15488, 54, 1, 64, 2, 3.7),
(15489, 54, 1, 64, 3, 23),
(15490, 54, 1, 64, 4, 16.7),
(15491, 54, 1, 64, 5, 13.8),
(15492, 54, 1, 64, 6, 5.5),
(15493, 54, 2, 64, 1, 20.5),
(15494, 54, 2, 64, 2, 5.3),
(15495, 54, 2, 64, 3, 27.5),
(15496, 54, 2, 64, 4, 20.9),
(15497, 54, 2, 64, 5, 18),
(15498, 54, 2, 64, 6, 7.8),
(15499, 54, 2, 65, 1, 13.4),
(15500, 54, 2, 65, 2, 5.4),
(15501, 54, 2, 65, 3, 24.6),
(15502, 54, 2, 65, 4, 17.2),
(15503, 54, 2, 65, 5, 18.6),
(15504, 54, 2, 65, 6, 20.8),
(15505, 54, 1, 65, 1, 25.3),
(15506, 54, 1, 65, 2, 3.8),
(15507, 54, 1, 65, 3, 20.6),
(15508, 54, 1, 65, 4, 14.8),
(15509, 54, 1, 65, 5, 17.1),
(15510, 54, 1, 65, 6, 18.5),
(15511, 54, 1, 66, 1, 31.8),
(15512, 54, 2, 66, 1, 18.1),
(15513, 54, 1, 66, 2, 4.4),
(15514, 54, 2, 66, 2, 6.6),
(15515, 54, 1, 66, 3, 22),
(15516, 54, 2, 66, 3, 27),
(15517, 54, 1, 66, 4, 17),
(15518, 54, 2, 66, 4, 19.4),
(15519, 54, 1, 66, 5, 15.3),
(15520, 54, 2, 66, 5, 18.3),
(15521, 54, 1, 66, 6, 9.5),
(15522, 54, 2, 66, 6, 10.5),
(15523, 54, 2, 67, 1, 20.2),
(15524, 54, 1, 67, 1, 32),
(15525, 54, 2, 67, 2, 6.2),
(15526, 54, 1, 67, 2, 4.3),
(15527, 54, 2, 67, 3, 26.9),
(15528, 54, 2, 67, 4, 19),
(15529, 54, 1, 67, 3, 22.1),
(15530, 54, 2, 67, 5, 15.3),
(15531, 54, 1, 67, 4, 16.3),
(15532, 54, 2, 67, 6, 12.5),
(15533, 54, 1, 67, 5, 14.1),
(15534, 54, 1, 67, 6, 11.1),
(15535, 54, 1, 68, 1, 33.6),
(15536, 54, 1, 68, 2, 4.1),
(15537, 54, 1, 68, 3, 24.4),
(15538, 54, 1, 68, 4, 15.5),
(15539, 54, 1, 68, 5, 13.6),
(15540, 54, 1, 68, 6, 8.7),
(15541, 54, 2, 68, 1, 19.9),
(15542, 54, 2, 68, 2, 6.1),
(15543, 54, 2, 68, 3, 29.4),
(15544, 54, 2, 68, 4, 18.9),
(15545, 54, 2, 68, 5, 15.8),
(15546, 54, 2, 68, 6, 10),
(15547, 54, 2, 69, 1, 23.6),
(15548, 54, 2, 69, 2, 6),
(15549, 54, 2, 69, 3, 27.9),
(15550, 54, 2, 69, 4, 20.2),
(15551, 54, 2, 69, 5, 15.4),
(15552, 54, 2, 69, 6, 6.8),
(15553, 54, 1, 69, 1, 41.3),
(15554, 54, 1, 69, 2, 3.8),
(15555, 54, 1, 69, 3, 22),
(15556, 54, 1, 69, 4, 15.8),
(15557, 54, 1, 69, 5, 12.3),
(15558, 54, 1, 69, 6, 4.9),
(15559, 54, 2, 7, 1, 28.7),
(15560, 54, 2, 7, 2, 4.7),
(15561, 54, 2, 7, 3, 28.8),
(15562, 54, 2, 7, 4, 19.6),
(15563, 54, 2, 7, 5, 11.8),
(15564, 54, 2, 7, 6, 6.4),
(15565, 54, 1, 7, 1, 45.3),
(15566, 54, 1, 7, 2, 2.8),
(15567, 54, 1, 7, 3, 25.1),
(15568, 54, 1, 7, 4, 13.8),
(15569, 54, 1, 7, 5, 8.6),
(15570, 54, 1, 7, 6, 4.5),
(15571, 54, 1, 70, 1, 39.1),
(15572, 54, 1, 70, 2, 3.5),
(15573, 54, 1, 70, 3, 25),
(15574, 54, 1, 70, 4, 15.1),
(15575, 54, 1, 70, 5, 11.4),
(15576, 54, 1, 70, 6, 5.8),
(15577, 54, 2, 70, 1, 22.7),
(15578, 54, 2, 70, 2, 5.3),
(15579, 54, 2, 70, 3, 31.6),
(15580, 54, 2, 70, 4, 18.7),
(15581, 54, 2, 70, 5, 14.2),
(15582, 54, 2, 70, 6, 7.5),
(15583, 54, 1, 71, 1, 38.8),
(15584, 54, 1, 71, 2, 3.8),
(15585, 54, 1, 71, 3, 25.3),
(15586, 54, 1, 71, 4, 15.6),
(15587, 54, 1, 71, 5, 11),
(15588, 54, 1, 71, 6, 5.5),
(15589, 54, 2, 71, 1, 22.2),
(15590, 54, 2, 71, 2, 5.2),
(15591, 54, 2, 71, 3, 30.9),
(15592, 54, 2, 71, 4, 20),
(15593, 54, 2, 71, 5, 14.3),
(15594, 54, 2, 71, 6, 7.3),
(15595, 54, 2, 72, 1, 21.1),
(15596, 54, 2, 72, 2, 6.5),
(15597, 54, 2, 72, 3, 26.5),
(15598, 54, 2, 72, 4, 21.4),
(15599, 54, 2, 72, 5, 16.1),
(15600, 54, 2, 72, 6, 8.4),
(15601, 54, 1, 72, 1, 33),
(15602, 54, 1, 72, 2, 5.3),
(15603, 54, 1, 72, 3, 23.3),
(15604, 54, 1, 72, 4, 17.7),
(15605, 54, 1, 72, 5, 14.7),
(15606, 54, 1, 72, 6, 6.1),
(15607, 54, 1, 73, 1, 40.2),
(15608, 54, 1, 73, 2, 4.4),
(15609, 54, 1, 73, 3, 25.4),
(15610, 54, 1, 73, 4, 14.8),
(15611, 54, 1, 73, 5, 9.4),
(15612, 54, 1, 73, 6, 5.8),
(15613, 54, 2, 73, 1, 28.8),
(15614, 54, 2, 73, 2, 6.7),
(15615, 54, 2, 73, 3, 29.7),
(15616, 54, 2, 73, 4, 17.2),
(15617, 54, 2, 73, 5, 9.7),
(15618, 54, 2, 73, 6, 7.9),
(15619, 54, 2, 74, 1, 22.4),
(15620, 54, 1, 74, 1, 36.1),
(15621, 54, 2, 74, 2, 8.8),
(15622, 54, 1, 74, 2, 7.7),
(15623, 54, 2, 74, 3, 29.1),
(15624, 54, 1, 74, 3, 23.2),
(15625, 54, 2, 74, 4, 20.3),
(15626, 54, 1, 74, 4, 17),
(15627, 54, 2, 74, 5, 11.7),
(15628, 54, 1, 74, 5, 10.6),
(15629, 54, 2, 74, 6, 7.7),
(15630, 54, 1, 74, 6, 5.4),
(15631, 54, 2, 75, 1, 22.3),
(15632, 54, 2, 75, 2, 8.1),
(15633, 54, 2, 75, 3, 26),
(15634, 54, 2, 75, 4, 19),
(15635, 54, 2, 75, 5, 13.6),
(15636, 54, 2, 75, 6, 11),
(15637, 54, 1, 75, 1, 34.2),
(15638, 54, 1, 75, 2, 5.8),
(15639, 54, 1, 75, 3, 24.2),
(15640, 54, 1, 75, 4, 16.4),
(15641, 54, 1, 75, 5, 11.4),
(15642, 54, 1, 75, 6, 8),
(15643, 54, 1, 76, 1, 60.8),
(15644, 54, 2, 76, 1, 41.4),
(15645, 54, 1, 76, 2, 0.7),
(15646, 54, 2, 76, 2, 1.9),
(15647, 54, 1, 76, 3, 27.2),
(15648, 54, 1, 76, 4, 7.4),
(15649, 54, 2, 76, 3, 36.1),
(15650, 54, 1, 76, 5, 3),
(15651, 54, 2, 76, 4, 14.8),
(15652, 54, 1, 76, 6, 0.8),
(15653, 54, 2, 76, 5, 4.4),
(15654, 54, 2, 76, 6, 1.5),
(15655, 54, 1, 77, 1, 56),
(15656, 54, 1, 77, 2, 1.8),
(15657, 54, 1, 77, 3, 32),
(15658, 54, 1, 77, 4, 6.7),
(15659, 54, 1, 77, 5, 2.4),
(15660, 54, 1, 77, 6, 1),
(15661, 54, 2, 77, 1, 36.1),
(15662, 54, 2, 77, 2, 4.8),
(15663, 54, 2, 77, 3, 37.8),
(15664, 54, 2, 77, 4, 14.3),
(15665, 54, 2, 77, 5, 4.5),
(15666, 54, 2, 77, 6, 2.5),
(15667, 54, 2, 78, 1, 39.2),
(15668, 54, 2, 78, 2, 7.4),
(15669, 54, 2, 78, 3, 35.2),
(15670, 54, 2, 78, 4, 11.7),
(15671, 54, 2, 78, 5, 4.1),
(15672, 54, 2, 78, 6, 2.4),
(15673, 54, 1, 78, 1, 63.2),
(15674, 54, 1, 78, 2, 2.4),
(15675, 54, 1, 78, 3, 27.3),
(15676, 54, 1, 78, 4, 4.7),
(15677, 54, 1, 78, 5, 1.6),
(15678, 54, 1, 78, 6, 0.7),
(15679, 54, 2, 79, 1, 48.1),
(15680, 54, 1, 79, 1, 64.7),
(15681, 54, 2, 79, 2, 0.9),
(15682, 54, 1, 79, 2, 0.5),
(15683, 54, 2, 79, 3, 31.2),
(15684, 54, 1, 79, 3, 23.6),
(15685, 54, 2, 79, 4, 13.1),
(15686, 54, 1, 79, 4, 7.1),
(15687, 54, 2, 79, 5, 5),
(15688, 54, 1, 79, 5, 3),
(15689, 54, 2, 79, 6, 1.6),
(15690, 54, 1, 79, 6, 1),
(15691, 54, 2, 8, 1, 24.7),
(15692, 54, 2, 8, 2, 4.5),
(15693, 54, 2, 8, 3, 30.6),
(15694, 54, 2, 8, 4, 18.6),
(15695, 54, 2, 8, 5, 12.4),
(15696, 54, 2, 8, 6, 9.3),
(15697, 54, 1, 8, 1, 36.4),
(15698, 54, 1, 8, 2, 3.6),
(15699, 54, 1, 8, 3, 27.4),
(15700, 54, 1, 8, 4, 14.3),
(15701, 54, 1, 8, 5, 10.7),
(15702, 54, 1, 8, 6, 7.6),
(15703, 54, 2, 80, 1, 35.7),
(15704, 54, 1, 80, 1, 56.3),
(15705, 54, 2, 80, 2, 3.9),
(15706, 54, 1, 80, 2, 1.3),
(15707, 54, 2, 80, 3, 34.7),
(15708, 54, 1, 80, 3, 28.6),
(15709, 54, 2, 80, 4, 17),
(15710, 54, 1, 80, 4, 8.9),
(15711, 54, 2, 80, 5, 6.4),
(15712, 54, 1, 80, 5, 3.7),
(15713, 54, 2, 80, 6, 2.3),
(15714, 54, 1, 80, 6, 1.2),
(15715, 54, 1, 81, 1, 69.1),
(15716, 54, 1, 81, 2, 0.6),
(15717, 54, 1, 81, 3, 24.3),
(15718, 54, 1, 81, 4, 4.1),
(15719, 54, 1, 81, 5, 1.4),
(15720, 54, 1, 81, 6, 0.5),
(15721, 54, 2, 81, 1, 50),
(15722, 54, 2, 81, 2, 2.8),
(15723, 54, 2, 81, 3, 31.5),
(15724, 54, 2, 81, 4, 10.9),
(15725, 54, 2, 81, 5, 3.3),
(15726, 54, 2, 81, 6, 1.5),
(15727, 54, 2, 82, 1, 44.2),
(15728, 54, 2, 82, 2, 4),
(15729, 54, 2, 82, 3, 30.5),
(15730, 54, 2, 82, 4, 14.3),
(15731, 54, 2, 82, 5, 4.9),
(15732, 54, 2, 82, 6, 2.1),
(15733, 54, 1, 82, 1, 63.5),
(15734, 54, 1, 82, 2, 0.9),
(15735, 54, 1, 82, 3, 26.4),
(15736, 54, 1, 82, 4, 6.2),
(15737, 54, 1, 82, 5, 2.1),
(15738, 54, 1, 82, 6, 0.8),
(15739, 54, 1, 83, 1, 76.6),
(15740, 54, 1, 83, 2, 0.4),
(15741, 54, 1, 83, 3, 17.1),
(15742, 54, 1, 83, 4, 3.9),
(15743, 54, 1, 83, 5, 1.2),
(15744, 54, 1, 83, 6, 0.7),
(15745, 54, 2, 83, 1, 63.9),
(15746, 54, 2, 83, 2, 0.7),
(15747, 54, 2, 83, 3, 23.7),
(15748, 54, 2, 83, 4, 8.1),
(15749, 54, 2, 83, 5, 2.4),
(15750, 54, 2, 83, 6, 1.3),
(15751, 54, 1, 84, 1, 49.1),
(15752, 54, 1, 84, 2, 3.3),
(15753, 54, 1, 84, 3, 31.9),
(15754, 54, 1, 84, 4, 10.2),
(15755, 54, 1, 84, 5, 4.2),
(15756, 54, 1, 84, 6, 1.4),
(15757, 54, 2, 84, 1, 34.2),
(15758, 54, 2, 84, 2, 6.4),
(15759, 54, 2, 84, 3, 35.7),
(15760, 54, 2, 84, 4, 15.4),
(15761, 54, 2, 84, 5, 6.1),
(15762, 54, 2, 84, 6, 2.2),
(15763, 54, 2, 85, 1, 46.7),
(15764, 54, 2, 85, 2, 8.4),
(15765, 54, 2, 85, 3, 33.9),
(15766, 54, 2, 85, 4, 7.7),
(15767, 54, 2, 85, 5, 2.2),
(15768, 54, 2, 85, 6, 1),
(15769, 54, 1, 85, 1, 65.7),
(15770, 54, 1, 85, 2, 0.7),
(15771, 54, 1, 85, 3, 29.1),
(15772, 54, 1, 85, 4, 3),
(15773, 54, 1, 85, 5, 1),
(15774, 54, 1, 85, 6, 0.4),
(15775, 54, 1, 86, 1, 60),
(15776, 54, 1, 86, 2, 2),
(15777, 54, 1, 86, 3, 30.8),
(15778, 54, 1, 86, 4, 4.9),
(15779, 54, 1, 86, 5, 1.7),
(15780, 54, 1, 86, 6, 0.6),
(15781, 54, 2, 86, 1, 39.4),
(15782, 54, 2, 86, 2, 8.5),
(15783, 54, 2, 86, 3, 35.7),
(15784, 54, 2, 86, 4, 11.4),
(15785, 54, 2, 86, 5, 3.6),
(15786, 54, 2, 86, 6, 1.5),
(15787, 54, 2, 87, 1, 41.7),
(15788, 54, 2, 87, 2, 5.4),
(15789, 54, 2, 87, 3, 33.9),
(15790, 54, 2, 87, 4, 13.3),
(15791, 54, 2, 87, 5, 4.2),
(15792, 54, 2, 87, 6, 1.7),
(15793, 54, 1, 87, 1, 60.5),
(15794, 54, 1, 87, 2, 0.9),
(15795, 54, 1, 87, 3, 30.1),
(15796, 54, 1, 87, 4, 6.1),
(15797, 54, 1, 87, 5, 1.8),
(15798, 54, 1, 87, 6, 0.6),
(15799, 54, 2, 88, 1, 47.5),
(15800, 54, 1, 88, 1, 67.5),
(15801, 54, 2, 88, 2, 8.5),
(15802, 54, 1, 88, 2, 0.8),
(15803, 54, 2, 88, 3, 32.8),
(15804, 54, 2, 88, 4, 8.6),
(15805, 54, 1, 88, 3, 27),
(15806, 54, 1, 88, 4, 3.3),
(15807, 54, 2, 88, 5, 1.8),
(15808, 54, 1, 88, 5, 0.9),
(15809, 54, 2, 88, 6, 0.8),
(15810, 54, 1, 88, 6, 0.4),
(15811, 54, 1, 89, 1, 63.1),
(15812, 54, 1, 89, 2, 1.5),
(15813, 54, 1, 89, 3, 28.3),
(15814, 54, 1, 89, 4, 4.8),
(15815, 54, 1, 89, 5, 1.7),
(15816, 54, 1, 89, 6, 0.6),
(15817, 54, 2, 89, 1, 46.5),
(15818, 54, 2, 89, 2, 5),
(15819, 54, 2, 89, 3, 33.2),
(15820, 54, 2, 89, 4, 10.9),
(15821, 54, 2, 89, 5, 3.3),
(15822, 54, 2, 89, 6, 1.1),
(15823, 54, 1, 9, 1, 31.7),
(15824, 54, 1, 9, 2, 4.3),
(15825, 54, 1, 9, 3, 23.5),
(15826, 54, 1, 9, 4, 16.1),
(15827, 54, 1, 9, 5, 14.8),
(15828, 54, 1, 9, 6, 9.7),
(15829, 54, 2, 9, 1, 18.6),
(15830, 54, 2, 9, 2, 6.4),
(15831, 54, 2, 9, 3, 28.2),
(15832, 54, 2, 9, 4, 18.3),
(15833, 54, 2, 9, 5, 16.9),
(15834, 54, 2, 9, 6, 11.6),
(15835, 54, 2, 90, 1, 44.7),
(15836, 54, 2, 90, 2, 4.6),
(15837, 54, 2, 90, 3, 35),
(15838, 54, 2, 90, 4, 11.5),
(15839, 54, 2, 90, 5, 3.2),
(15840, 54, 2, 90, 6, 1),
(15841, 54, 1, 90, 1, 64.7),
(15842, 54, 1, 90, 2, 0.4),
(15843, 54, 1, 90, 3, 27.3),
(15844, 54, 1, 90, 4, 5.2),
(15845, 54, 1, 90, 5, 1.8),
(15846, 54, 1, 90, 6, 0.7),
(15847, 54, 1, 91, 1, 68),
(15848, 54, 1, 91, 2, 0.3),
(15849, 54, 1, 91, 3, 26.6),
(15850, 54, 1, 91, 4, 3.7),
(15851, 54, 1, 91, 5, 1.1),
(15852, 54, 1, 91, 6, 0.3),
(15853, 54, 2, 91, 1, 49.3),
(15854, 54, 2, 91, 2, 4.2),
(15855, 54, 2, 91, 3, 33.9),
(15856, 54, 2, 91, 4, 9.8),
(15857, 54, 2, 91, 5, 2.2),
(15858, 54, 2, 91, 6, 0.6),
(15859, 54, 1, 92, 1, 47),
(15860, 54, 1, 92, 2, 3.1),
(15861, 54, 1, 92, 3, 30.8),
(15862, 54, 1, 92, 4, 12.4),
(15863, 54, 1, 92, 5, 4.8),
(15864, 54, 1, 92, 6, 1.9),
(15865, 54, 2, 92, 1, 27.8),
(15866, 54, 2, 92, 2, 4.2),
(15867, 54, 2, 92, 3, 34),
(15868, 54, 2, 92, 4, 19.7),
(15869, 54, 2, 92, 5, 8.9),
(15870, 54, 2, 92, 6, 5.5),
(15871, 54, 1, 93, 1, 55.1),
(15872, 54, 1, 93, 2, 2.6),
(15873, 54, 1, 93, 3, 33.7),
(15874, 54, 1, 93, 4, 5.6),
(15875, 54, 1, 93, 5, 2.2),
(15876, 54, 1, 93, 6, 0.9),
(15877, 54, 2, 93, 1, 33.7),
(15878, 54, 2, 93, 2, 8.1),
(15879, 54, 2, 93, 3, 37.2),
(15880, 54, 2, 93, 4, 13.2),
(15881, 54, 2, 93, 5, 5),
(15882, 54, 2, 93, 6, 2.8),
(15883, 54, 1, 94, 1, 65.2),
(15884, 54, 1, 94, 2, 0.8),
(15885, 54, 1, 94, 3, 25.3),
(15886, 54, 1, 94, 4, 5.9),
(15887, 54, 1, 94, 5, 2),
(15888, 54, 1, 94, 6, 0.8),
(15889, 54, 2, 94, 1, 46.9),
(15890, 54, 2, 94, 2, 1.4),
(15891, 54, 2, 94, 3, 30),
(15892, 54, 2, 94, 4, 14.4),
(15893, 54, 2, 94, 5, 5.3),
(15894, 54, 2, 94, 6, 2.1),
(15895, 54, 1, 95, 1, 56.2),
(15896, 54, 2, 95, 1, 35.8),
(15897, 54, 2, 95, 2, 3.2),
(15898, 54, 2, 95, 3, 32.8),
(15899, 54, 1, 95, 2, 1.8),
(15900, 54, 2, 95, 4, 17.2),
(15901, 54, 1, 95, 3, 29.9),
(15902, 54, 2, 95, 5, 6.7),
(15903, 54, 1, 95, 4, 8),
(15904, 54, 2, 95, 6, 4.4),
(15905, 54, 1, 95, 5, 3),
(15906, 54, 1, 95, 6, 1.1),
(15907, 54, 2, 96, 1, 33.1),
(15908, 54, 1, 96, 1, 55.3),
(15909, 54, 2, 96, 2, 3.3),
(15910, 54, 1, 96, 2, 1.7),
(15911, 54, 2, 96, 3, 34.2),
(15912, 54, 2, 96, 4, 16.9),
(15913, 54, 1, 96, 3, 29.5),
(15914, 54, 2, 96, 5, 6.9),
(15915, 54, 1, 96, 4, 8.7),
(15916, 54, 2, 96, 6, 5.6),
(15917, 54, 1, 96, 5, 3.3),
(15918, 54, 1, 96, 6, 1.4),
(15919, 54, 1, 97, 1, 55.8),
(15920, 54, 1, 97, 2, 0.7),
(15921, 54, 1, 97, 3, 31.3),
(15922, 54, 1, 97, 4, 8.2),
(15923, 54, 1, 97, 5, 2.9),
(15924, 54, 1, 97, 6, 1.1),
(15925, 54, 2, 97, 1, 34),
(15926, 54, 2, 97, 2, 1.5),
(15927, 54, 2, 97, 3, 41.9),
(15928, 54, 2, 97, 4, 16.2),
(15929, 54, 2, 97, 5, 4.5),
(15930, 54, 2, 97, 6, 1.9),
(15931, 54, 2, 98, 1, 36.9),
(15932, 54, 2, 98, 2, 2.3),
(15933, 54, 2, 98, 3, 37.7),
(15934, 54, 2, 98, 4, 15.9),
(15935, 54, 2, 98, 5, 5.5),
(15936, 54, 2, 98, 6, 1.7),
(15937, 54, 1, 98, 1, 58.6),
(15938, 54, 1, 98, 2, 1.2),
(15939, 54, 1, 98, 3, 28.9),
(15940, 54, 1, 98, 4, 7.3),
(15941, 54, 1, 98, 5, 2.9),
(15942, 54, 1, 98, 6, 1),
(15943, 54, 2, 99, 1, 38.3),
(15944, 54, 1, 99, 1, 58.4),
(15945, 54, 2, 99, 2, 2.6),
(15946, 54, 2, 99, 3, 35.6),
(15947, 54, 1, 99, 2, 1.2),
(15948, 54, 2, 99, 4, 16.1),
(15949, 54, 1, 99, 3, 28.1),
(15950, 54, 2, 99, 5, 5.5),
(15951, 54, 1, 99, 4, 8.4),
(15952, 54, 2, 99, 6, 1.8),
(15953, 54, 1, 99, 5, 3),
(15954, 54, 1, 99, 6, 1);

-- --------------------------------------------------------

--
-- Structure de la table `taux_par_situation`
--

CREATE TABLE `taux_par_situation` (
  `id_ts` int(11) NOT NULL,
  `id_a` int(11) DEFAULT NULL,
  `id_g` int(11) DEFAULT NULL,
  `id_m` int(11) DEFAULT NULL,
  `val` float DEFAULT NULL,
  `id_s` int(11) NOT NULL
) ENGINE=InnoDB DEFAULT CHARSET=utf8mb4 COLLATE=utf8mb4_general_ci;

--
-- Déchargement des données de la table `taux_par_situation`
--

INSERT INTO `taux_par_situation` (`id_ts`, `id_a`, `id_g`, `id_m`, `val`, `id_s`) VALUES
(75, 54, 1, 1, NULL, 1),
(76, 54, 1, 1, 16.4, 2),
(77, 54, 1, 1, 26.8, 3),
(78, 54, 1, 1, 50.9, 4),
(79, 54, 1, 1, 1.2, 5),
(80, 54, 1, 1, 0.5, 6),
(81, 54, 1, 1, 1, 7),
(82, 54, 1, 1, 0.6, 8),
(83, 54, 2, 1, NULL, 1),
(84, 54, 2, 1, 30.8, 2),
(85, 54, 2, 1, 14.5, 3),
(86, 54, 2, 1, 45.5, 4),
(87, 54, 2, 1, 1.1, 5),
(88, 54, 2, 1, 1.1, 6),
(89, 54, 2, 1, 2.6, 7),
(90, 54, 2, 1, 0.6, 8),
(91, 54, 2, 10, NULL, 1),
(92, 54, 2, 10, 36.7, 2),
(93, 54, 2, 10, 15, 3),
(94, 54, 2, 10, 38.9, 4),
(95, 54, 2, 10, 1.5, 5),
(96, 54, 2, 10, 1.6, 6),
(97, 54, 2, 10, 2, 7),
(98, 54, 2, 10, 0.5, 8),
(99, 54, 1, 10, NULL, 1),
(100, 54, 1, 10, 21, 2),
(101, 54, 1, 10, 25.2, 3),
(102, 54, 1, 10, 47.2, 4),
(103, 54, 1, 10, 1.9, 5),
(104, 54, 1, 10, 1.1, 6),
(105, 54, 1, 10, 1.1, 7),
(106, 54, 1, 10, 0.7, 8),
(107, 54, 2, 100, NULL, 1),
(108, 54, 2, 100, 28.3, 2),
(109, 54, 2, 100, 3.6, 3),
(110, 54, 2, 100, 47.6, 4),
(111, 54, 2, 100, 14.6, 5),
(112, 54, 2, 100, 0.2, 6),
(113, 54, 2, 100, 1.6, 7),
(114, 54, 2, 100, 0.6, 8),
(115, 54, 1, 100, NULL, 1),
(116, 54, 1, 100, 21.3, 2),
(117, 54, 1, 100, 2.7, 3),
(118, 54, 1, 100, 49.5, 4),
(119, 54, 1, 100, 22.5, 5),
(120, 54, 1, 100, 0.3, 6),
(121, 54, 1, 100, 1.6, 7),
(122, 54, 1, 100, 0.6, 8),
(123, 54, 1, 101, NULL, 1),
(124, 54, 1, 101, 10.9, 2),
(125, 54, 1, 101, 5.5, 3),
(126, 54, 1, 101, 35.8, 4),
(127, 54, 1, 101, 43.5, 5),
(128, 54, 1, 101, 0.5, 6),
(129, 54, 1, 101, 1.9, 7),
(130, 54, 1, 101, 0.9, 8),
(131, 54, 2, 101, NULL, 1),
(132, 54, 2, 101, 34.9, 2),
(133, 54, 2, 101, 2.6, 3),
(134, 54, 2, 101, 33.9, 4),
(135, 54, 2, 101, 23.8, 5),
(136, 54, 2, 101, 0.6, 6),
(137, 54, 2, 101, 1.9, 7),
(138, 54, 2, 101, 0.6, 8),
(139, 54, 2, 102, NULL, 1),
(140, 54, 2, 102, 37.7, 2),
(141, 54, 2, 102, 3.2, 3),
(142, 54, 2, 102, 43.8, 4),
(143, 54, 2, 102, 11.8, 5),
(144, 54, 2, 102, 0.2, 6),
(145, 54, 2, 102, 1.5, 7),
(146, 54, 2, 102, 0.6, 8),
(147, 54, 1, 102, NULL, 1),
(148, 54, 1, 102, 38.5, 2),
(149, 54, 1, 102, 1.5, 3),
(150, 54, 1, 102, 28.2, 4),
(151, 54, 1, 102, 29.7, 5),
(152, 54, 1, 102, 0.1, 6),
(153, 54, 1, 102, 1.1, 7),
(154, 54, 1, 102, 0.2, 8),
(155, 54, 1, 103, NULL, 1),
(156, 54, 1, 103, 18.6, 2),
(157, 54, 1, 103, 3.7, 3),
(158, 54, 1, 103, 19.7, 4),
(159, 54, 1, 103, 56, 5),
(160, 54, 1, 103, 0.1, 6),
(161, 54, 1, 103, 1.1, 7),
(162, 54, 1, 103, 0.3, 8),
(163, 54, 2, 103, NULL, 1),
(164, 54, 2, 103, 40.2, 2),
(165, 54, 2, 103, 4.4, 3),
(166, 54, 2, 103, 38.2, 4),
(167, 54, 2, 103, 14, 5),
(168, 54, 2, 103, 0.4, 6),
(169, 54, 2, 103, 1.2, 7),
(170, 54, 2, 103, 0.5, 8),
(171, 54, 1, 104, NULL, 1),
(172, 54, 1, 104, 17.1, 2),
(173, 54, 1, 104, 2.1, 3),
(174, 54, 1, 104, 12.8, 4),
(175, 54, 1, 104, 64.5, 5),
(176, 54, 1, 104, 0.2, 6),
(177, 54, 1, 104, 2.4, 7),
(178, 54, 1, 104, 0.3, 8),
(179, 54, 2, 104, NULL, 1),
(180, 54, 2, 104, 49.6, 2),
(181, 54, 2, 104, 2.7, 3),
(182, 54, 2, 104, 24.5, 4),
(183, 54, 2, 104, 19.2, 5),
(184, 54, 2, 104, 0.8, 6),
(185, 54, 2, 104, 1.7, 7),
(186, 54, 2, 104, 0.4, 8),
(187, 54, 2, 105, NULL, 1),
(188, 54, 1, 105, NULL, 1),
(189, 54, 2, 105, 45.5, 2),
(190, 54, 1, 105, 15.8, 2),
(191, 54, 2, 105, 3.4, 3),
(192, 54, 1, 105, 3, 3),
(193, 54, 2, 105, 33.2, 4),
(194, 54, 2, 105, 14.7, 5),
(195, 54, 1, 105, 17.3, 4),
(196, 54, 2, 105, 0.5, 6),
(197, 54, 1, 105, 60.6, 5),
(198, 54, 2, 105, 1.1, 7),
(199, 54, 1, 105, 0.1, 6),
(200, 54, 2, 105, 0.4, 8),
(201, 54, 1, 105, 1.8, 7),
(202, 54, 1, 105, 0.2, 8),
(203, 54, 2, 106, NULL, 1),
(204, 54, 2, 106, 39.2, 2),
(205, 54, 2, 106, 13, 3),
(206, 54, 2, 106, 39.6, 4),
(207, 54, 2, 106, 4.5, 5),
(208, 54, 2, 106, 0.2, 6),
(209, 54, 2, 106, 1.3, 7),
(210, 54, 2, 106, 0.3, 8),
(211, 54, 1, 106, NULL, 1),
(212, 54, 1, 106, 20, 2),
(213, 54, 1, 106, 16.4, 3),
(214, 54, 1, 106, 26.7, 4),
(215, 54, 1, 106, 31, 5),
(216, 54, 1, 106, 0, 6),
(217, 54, 1, 106, 3.6, 7),
(218, 54, 1, 106, 0, 8),
(219, 54, 2, 107, NULL, 1),
(220, 54, 2, 107, 45.8, 2),
(221, 54, 2, 107, 16.1, 3),
(222, 54, 2, 107, 14.6, 4),
(223, 54, 2, 107, 16, 5),
(224, 54, 2, 107, 0, 6),
(225, 54, 2, 107, 3, 7),
(226, 54, 2, 107, 0.5, 8),
(227, 54, 1, 107, NULL, 1),
(228, 54, 1, 107, 25.5, 2),
(229, 54, 1, 107, 17.6, 3),
(230, 54, 1, 107, 3.4, 4),
(231, 54, 1, 107, 39.7, 5),
(232, 54, 1, 107, 1.5, 6),
(233, 54, 1, 107, 5.4, 7),
(234, 54, 1, 107, 1, 8),
(235, 54, 2, 108, NULL, 1),
(236, 54, 1, 108, NULL, 1),
(237, 54, 2, 108, 46.5, 2),
(238, 54, 2, 108, 13.5, 3),
(239, 54, 1, 108, 33.6, 2),
(240, 54, 2, 108, 7.9, 4),
(241, 54, 1, 108, 3.7, 3),
(242, 54, 1, 108, 2.8, 4),
(243, 54, 2, 108, 26.1, 5),
(244, 54, 2, 108, 0.2, 6),
(245, 54, 1, 108, 54.8, 5),
(246, 54, 2, 108, 1.6, 7),
(247, 54, 1, 108, 0.5, 6),
(248, 54, 2, 108, 0, 8),
(249, 54, 1, 108, 3.2, 7),
(250, 54, 1, 108, 0, 8),
(251, 54, 2, 109, NULL, 1),
(252, 54, 2, 109, 44, 2),
(253, 54, 2, 109, 9.3, 3),
(254, 54, 2, 109, 41.2, 4),
(255, 54, 2, 109, 2.6, 5),
(256, 54, 2, 109, 0.2, 6),
(257, 54, 2, 109, 1.1, 7),
(258, 54, 2, 109, 0.4, 8),
(259, 54, 1, 109, NULL, 1),
(260, 54, 1, 109, 32.1, 2),
(261, 54, 1, 109, 3.9, 3),
(262, 54, 1, 109, 8.7, 4),
(263, 54, 1, 109, 54.5, 5),
(264, 54, 1, 109, 0.1, 6),
(265, 54, 1, 109, 0.4, 7),
(266, 54, 1, 109, 0, 8),
(267, 54, 2, 11, NULL, 1),
(268, 54, 2, 11, 27.3, 2),
(269, 54, 2, 11, 13.4, 3),
(270, 54, 2, 11, 51, 4),
(271, 54, 2, 11, 1.3, 5),
(272, 54, 2, 11, 1.3, 6),
(273, 54, 2, 11, 1.9, 7),
(274, 54, 2, 11, 0.3, 8),
(275, 54, 1, 11, NULL, 1),
(276, 54, 1, 11, 18.3, 2),
(277, 54, 1, 11, 19.3, 3),
(278, 54, 1, 11, 56.2, 4),
(279, 54, 1, 11, 1.7, 5),
(280, 54, 1, 11, 0.6, 6),
(281, 54, 1, 11, 1.4, 7),
(282, 54, 1, 11, 0.4, 8),
(283, 54, 1, 110, NULL, 1),
(284, 54, 1, 110, 18.5, 2),
(285, 54, 1, 110, 1.7, 3),
(286, 54, 1, 110, 44.7, 4),
(287, 54, 1, 110, 33.5, 5),
(288, 54, 1, 110, 0.1, 6),
(289, 54, 1, 110, 0.7, 7),
(290, 54, 1, 110, 0.2, 8),
(291, 54, 2, 110, NULL, 1),
(292, 54, 2, 110, 39.2, 2),
(293, 54, 2, 110, 3.3, 3),
(294, 54, 2, 110, 44.3, 4),
(295, 54, 2, 110, 8.9, 5),
(296, 54, 2, 110, 0.6, 6),
(297, 54, 2, 110, 2.1, 7),
(298, 54, 2, 110, 0.5, 8),
(299, 54, 2, 111, NULL, 1),
(300, 54, 1, 111, NULL, 1),
(301, 54, 2, 111, 33.9, 2),
(302, 54, 2, 111, 4.6, 3),
(303, 54, 1, 111, 51.2, 2),
(304, 54, 2, 111, 56, 4),
(305, 54, 1, 111, 3.3, 3),
(306, 54, 2, 111, 2.1, 5),
(307, 54, 1, 111, 39.9, 4),
(308, 54, 2, 111, 0.3, 6),
(309, 54, 1, 111, 3.3, 5),
(310, 54, 2, 111, 1.3, 7),
(311, 54, 1, 111, 0.3, 6),
(312, 54, 2, 111, 0.2, 8),
(313, 54, 1, 111, 0.3, 7),
(314, 54, 1, 111, 0.6, 8),
(315, 54, 1, 112, NULL, 1),
(316, 54, 1, 112, 17.6, 2),
(317, 54, 1, 112, 1.2, 3),
(318, 54, 1, 112, 15.6, 4),
(319, 54, 1, 112, 63.1, 5),
(320, 54, 1, 112, 0.3, 6),
(321, 54, 1, 112, 1.5, 7),
(322, 54, 1, 112, 0.1, 8),
(323, 54, 2, 112, NULL, 1),
(324, 54, 2, 112, 45.5, 2),
(325, 54, 2, 112, 2.9, 3),
(326, 54, 2, 112, 29.8, 4),
(327, 54, 2, 112, 17.9, 5),
(328, 54, 2, 112, 0.9, 6),
(329, 54, 2, 112, 1.6, 7),
(330, 54, 2, 112, 0.2, 8),
(331, 54, 2, 113, NULL, 1),
(332, 54, 2, 113, 34.3, 2),
(333, 54, 2, 113, 3.2, 3),
(334, 54, 2, 113, 53.4, 4),
(335, 54, 2, 113, 5.5, 5),
(336, 54, 2, 113, 0.3, 6),
(337, 54, 2, 113, 1.1, 7),
(338, 54, 2, 113, 0.3, 8),
(339, 54, 1, 113, NULL, 1),
(340, 54, 1, 113, 46.4, 2),
(341, 54, 1, 113, 3.1, 3),
(342, 54, 1, 113, 36.8, 4),
(343, 54, 1, 113, 10.5, 5),
(344, 54, 1, 113, 0.3, 6),
(345, 54, 1, 113, 1.3, 7),
(346, 54, 1, 113, 0.3, 8),
(347, 54, 1, 114, NULL, 1),
(348, 54, 2, 114, NULL, 1),
(349, 54, 2, 114, 42.2, 2),
(350, 54, 1, 114, 11, 2),
(351, 54, 2, 114, 2.4, 3),
(352, 54, 1, 114, 1.1, 3),
(353, 54, 2, 114, 29.2, 4),
(354, 54, 1, 114, 45.1, 4),
(355, 54, 2, 114, 22, 5),
(356, 54, 1, 114, 40.7, 5),
(357, 54, 2, 114, 0.6, 6),
(358, 54, 1, 114, 0.1, 6),
(359, 54, 1, 114, 0.8, 7),
(360, 54, 2, 114, 1.7, 7),
(361, 54, 1, 114, 0.3, 8),
(362, 54, 2, 114, 0.3, 8),
(363, 54, 1, 115, NULL, 1),
(364, 54, 2, 115, NULL, 1),
(365, 54, 1, 115, 11.4, 2),
(366, 54, 2, 115, 49.6, 2),
(367, 54, 1, 115, 1.8, 3),
(368, 54, 2, 115, 3.5, 3),
(369, 54, 1, 115, 3.8, 4),
(370, 54, 2, 115, 16.2, 4),
(371, 54, 1, 115, 80.9, 5),
(372, 54, 2, 115, 27.1, 5),
(373, 54, 2, 115, 0.4, 6),
(374, 54, 1, 115, 0.2, 6),
(375, 54, 1, 115, 1.2, 7),
(376, 54, 2, 115, 1.8, 7),
(377, 54, 1, 115, 0.1, 8),
(378, 54, 2, 115, 0.3, 8),
(379, 54, 1, 116, NULL, 1),
(380, 54, 2, 116, NULL, 1),
(381, 54, 1, 116, 8.7, 2),
(382, 54, 2, 116, 51.3, 2),
(383, 54, 1, 116, 1.6, 3),
(384, 54, 2, 116, 2.5, 3),
(385, 54, 1, 116, 2.2, 4),
(386, 54, 2, 116, 7.7, 4),
(387, 54, 1, 116, 84.7, 5),
(388, 54, 2, 116, 33.8, 5),
(389, 54, 1, 116, 0.1, 6),
(390, 54, 2, 116, 0.3, 6),
(391, 54, 1, 116, 2.2, 7),
(392, 54, 2, 116, 2.1, 7),
(393, 54, 1, 116, 0.1, 8),
(394, 54, 2, 116, 0.3, 8),
(395, 54, 1, 117, NULL, 1),
(396, 54, 1, 117, 17, 2),
(397, 54, 1, 117, 1.9, 3),
(398, 54, 1, 117, 12.7, 4),
(399, 54, 1, 117, 64.3, 5),
(400, 54, 1, 117, 0.1, 6),
(401, 54, 1, 117, 3.5, 7),
(402, 54, 1, 117, 0.1, 8),
(403, 54, 2, 117, NULL, 1),
(404, 54, 2, 117, 51.9, 2),
(405, 54, 2, 117, 4.2, 3),
(406, 54, 2, 117, 23.8, 4),
(407, 54, 2, 117, 16.4, 5),
(408, 54, 2, 117, 0.7, 6),
(409, 54, 2, 117, 2, 7),
(410, 54, 2, 117, 0.3, 8),
(411, 54, 2, 118, NULL, 1),
(412, 54, 2, 118, 33, 2),
(413, 54, 2, 118, 4.4, 3),
(414, 54, 2, 118, 57.1, 4),
(415, 54, 2, 118, 1.9, 5),
(416, 54, 2, 118, 0.8, 6),
(417, 54, 2, 118, 1.1, 7),
(418, 54, 2, 118, 0.2, 8),
(419, 54, 1, 118, NULL, 1),
(420, 54, 1, 118, 28.8, 2),
(421, 54, 1, 118, 3.5, 3),
(422, 54, 1, 118, 32.7, 4),
(423, 54, 1, 118, 27.7, 5),
(424, 54, 1, 118, 0.3, 6),
(425, 54, 1, 118, 6.1, 7),
(426, 54, 1, 118, 0.2, 8),
(427, 54, 2, 119, NULL, 1),
(428, 54, 1, 119, NULL, 1),
(429, 54, 1, 119, 8.5, 2),
(430, 54, 2, 119, 23.8, 2),
(431, 54, 1, 119, 6.3, 3),
(432, 54, 2, 119, 5.3, 3),
(433, 54, 1, 119, 79.6, 4),
(434, 54, 2, 119, 65.6, 4),
(435, 54, 2, 119, 1.3, 5),
(436, 54, 1, 119, 1.9, 5),
(437, 54, 2, 119, 0.5, 6),
(438, 54, 1, 119, 0.2, 6),
(439, 54, 2, 119, 1.3, 7),
(440, 54, 1, 119, 1.8, 7),
(441, 54, 2, 119, 0.1, 8),
(442, 54, 1, 119, 0.2, 8),
(443, 54, 2, 12, NULL, 1),
(444, 54, 1, 12, NULL, 1),
(445, 54, 2, 12, 36.4, 2),
(446, 54, 1, 12, 25.5, 2),
(447, 54, 2, 12, 15, 3),
(448, 54, 1, 12, 27.1, 3),
(449, 54, 2, 12, 37.4, 4),
(450, 54, 1, 12, 40.3, 4),
(451, 54, 2, 12, 2.5, 5),
(452, 54, 1, 12, 2.1, 5),
(453, 54, 2, 12, 1.6, 6),
(454, 54, 1, 12, 0.5, 6),
(455, 54, 2, 12, 2.3, 7),
(456, 54, 1, 12, 1.1, 7),
(457, 54, 2, 12, 0.6, 8),
(458, 54, 1, 12, 0.7, 8),
(459, 54, 1, 120, NULL, 1),
(460, 54, 1, 120, 10.7, 2),
(461, 54, 1, 120, 2.4, 3),
(462, 54, 1, 120, 80.1, 4),
(463, 54, 1, 120, 5.1, 5),
(464, 54, 1, 120, 0.2, 6),
(465, 54, 1, 120, 0.4, 7),
(466, 54, 1, 120, 0.3, 8),
(467, 54, 2, 120, NULL, 1),
(468, 54, 2, 120, 30.2, 2),
(469, 54, 2, 120, 3.7, 3),
(470, 54, 2, 120, 60.8, 4),
(471, 54, 2, 120, 1.4, 5),
(472, 54, 2, 120, 0.5, 6),
(473, 54, 2, 120, 1.3, 7),
(474, 54, 2, 120, 0.3, 8),
(475, 54, 1, 121, NULL, 1),
(476, 54, 2, 121, NULL, 1),
(477, 54, 2, 121, 32.3, 2),
(478, 54, 1, 121, 22.9, 2),
(479, 54, 2, 121, 4, 3),
(480, 54, 1, 121, 3.7, 3),
(481, 54, 2, 121, 54.5, 4),
(482, 54, 1, 121, 22.8, 4),
(483, 54, 2, 121, 4.8, 5),
(484, 54, 1, 121, 47.4, 5),
(485, 54, 2, 121, 0.8, 6),
(486, 54, 1, 121, 0.6, 6),
(487, 54, 2, 121, 1.3, 7),
(488, 54, 1, 121, 1.7, 7),
(489, 54, 2, 121, 0.6, 8),
(490, 54, 1, 121, 0.2, 8),
(491, 54, 1, 122, NULL, 1),
(492, 54, 1, 122, 21, 2),
(493, 54, 1, 122, 15.7, 3),
(494, 54, 1, 122, 50.5, 4),
(495, 54, 1, 122, 6.4, 5),
(496, 54, 1, 122, 0.9, 6),
(497, 54, 1, 122, 2.9, 7),
(498, 54, 1, 122, 0.5, 8),
(499, 54, 2, 122, NULL, 1),
(500, 54, 2, 122, 39.7, 2),
(501, 54, 2, 122, 10.7, 3),
(502, 54, 2, 122, 44.6, 4),
(503, 54, 2, 122, 1.4, 5),
(504, 54, 2, 122, 0.5, 6),
(505, 54, 2, 122, 0.9, 7),
(506, 54, 2, 122, 0.2, 8),
(507, 54, 1, 123, NULL, 1),
(508, 54, 1, 123, 21.1, 2),
(509, 54, 1, 123, 28.2, 3),
(510, 54, 1, 123, 30.3, 4),
(511, 54, 1, 123, 12.5, 5),
(512, 54, 1, 123, 0.7, 6),
(513, 54, 1, 123, 4.8, 7),
(514, 54, 1, 123, 0.6, 8),
(515, 54, 2, 123, NULL, 1),
(516, 54, 2, 123, 34.6, 2),
(517, 54, 2, 123, 14.2, 3),
(518, 54, 2, 123, 40.7, 4),
(519, 54, 2, 123, 3.1, 5),
(520, 54, 2, 123, 1.5, 6),
(521, 54, 2, 123, 2.8, 7),
(522, 54, 2, 123, 1.3, 8),
(523, 54, 2, 125, NULL, 1),
(524, 54, 1, 125, NULL, 1),
(525, 54, 2, 125, 31.3, 2),
(526, 54, 2, 125, 3, 3),
(527, 54, 1, 125, 15.7, 2),
(528, 54, 2, 125, 58.5, 4),
(529, 54, 1, 125, 2.3, 3),
(530, 54, 2, 125, 1.6, 5),
(531, 54, 1, 125, 76.7, 4),
(532, 54, 2, 125, 1.1, 6),
(533, 54, 1, 125, 2.2, 5),
(534, 54, 1, 125, 0.3, 6),
(535, 54, 2, 125, 1.9, 7),
(536, 54, 2, 125, 0.5, 8),
(537, 54, 1, 125, 1, 7),
(538, 54, 1, 125, 0.7, 8),
(539, 54, 2, 126, NULL, 1),
(540, 54, 2, 126, 43.4, 2),
(541, 54, 2, 126, 1.7, 3),
(542, 54, 2, 126, 37.6, 4),
(543, 54, 2, 126, 11.7, 5),
(544, 54, 2, 126, 1, 6),
(545, 54, 2, 126, 2.3, 7),
(546, 54, 2, 126, 0.4, 8),
(547, 54, 1, 126, NULL, 1),
(548, 54, 1, 126, 24.6, 2),
(549, 54, 1, 126, 1.3, 3),
(550, 54, 1, 126, 24.5, 4),
(551, 54, 1, 126, 46.2, 5),
(552, 54, 1, 126, 0.5, 6),
(553, 54, 1, 126, 1.8, 7),
(554, 54, 1, 126, 0.3, 8),
(555, 54, 2, 127, NULL, 1),
(556, 54, 2, 127, 33, 2),
(557, 54, 2, 127, 3.2, 3),
(558, 54, 2, 127, 56.4, 4),
(559, 54, 2, 127, 1.3, 5),
(560, 54, 2, 127, 1.2, 6),
(561, 54, 2, 127, 1.6, 7),
(562, 54, 2, 127, 0.3, 8),
(563, 54, 1, 127, NULL, 1),
(564, 54, 1, 127, 16.3, 2),
(565, 54, 1, 127, 3.9, 3),
(566, 54, 1, 127, 75.8, 4),
(567, 54, 1, 127, 1.3, 5),
(568, 54, 1, 127, 0.3, 6),
(569, 54, 1, 127, 0.5, 7),
(570, 54, 1, 127, 0.2, 8),
(571, 54, 2, 128, NULL, 1),
(572, 54, 1, 128, NULL, 1),
(573, 54, 2, 128, 30.2, 2),
(574, 54, 1, 128, 11.3, 2),
(575, 54, 2, 128, 3, 3),
(576, 54, 1, 128, 5.2, 3),
(577, 54, 2, 128, 60.9, 4),
(578, 54, 1, 128, 80.3, 4),
(579, 54, 2, 128, 1.2, 5),
(580, 54, 1, 128, 1.3, 5),
(581, 54, 2, 128, 0.7, 6),
(582, 54, 1, 128, 0.2, 6),
(583, 54, 2, 128, 1.8, 7),
(584, 54, 1, 128, 0.2, 7),
(585, 54, 2, 128, 0.2, 8),
(586, 54, 1, 128, 0.2, 8),
(587, 54, 2, 129, NULL, 1),
(588, 54, 2, 129, 39.2, 2),
(589, 54, 2, 129, 4, 3),
(590, 54, 2, 129, 40.1, 4),
(591, 54, 2, 129, 11.2, 5),
(592, 54, 2, 129, 0.6, 6),
(593, 54, 2, 129, 2.5, 7),
(594, 54, 2, 129, 0.6, 8),
(595, 54, 1, 129, NULL, 1),
(596, 54, 1, 129, 22.6, 2),
(597, 54, 1, 129, 5.7, 3),
(598, 54, 1, 129, 46, 4),
(599, 54, 1, 129, 20.8, 5),
(600, 54, 1, 129, 0.4, 6),
(601, 54, 1, 129, 1.4, 7),
(602, 54, 1, 129, 0.5, 8),
(603, 54, 2, 13, NULL, 1),
(604, 54, 2, 13, 36.1, 2),
(605, 54, 2, 13, 15.7, 3),
(606, 54, 2, 13, 38.9, 4),
(607, 54, 1, 13, NULL, 1),
(608, 54, 2, 13, 1.1, 5),
(609, 54, 2, 13, 0.5, 6),
(610, 54, 1, 13, 15.4, 2),
(611, 54, 2, 13, 3.4, 7),
(612, 54, 1, 13, 23.2, 3),
(613, 54, 2, 13, 0.4, 8),
(614, 54, 1, 13, 55.6, 4),
(615, 54, 1, 13, 1.1, 5),
(616, 54, 1, 13, 0.2, 6),
(617, 54, 1, 13, 1.7, 7),
(618, 54, 1, 13, 0.6, 8),
(619, 54, 1, 130, NULL, 1),
(620, 54, 1, 130, 18.9, 2),
(621, 54, 1, 130, 2.7, 3),
(622, 54, 1, 130, 58.6, 4),
(623, 54, 1, 130, 16.9, 5),
(624, 54, 1, 130, 0.6, 6),
(625, 54, 1, 130, 0.7, 7),
(626, 54, 1, 130, 0.3, 8),
(627, 54, 2, 130, NULL, 1),
(628, 54, 2, 130, 37.2, 2),
(629, 54, 2, 130, 1.8, 3),
(630, 54, 2, 130, 48.3, 4),
(631, 54, 2, 130, 7.9, 5),
(632, 54, 2, 130, 0.8, 6),
(633, 54, 2, 130, 1.7, 7),
(634, 54, 2, 130, 0.4, 8),
(635, 54, 1, 131, NULL, 1),
(636, 54, 1, 131, 14.9, 2),
(637, 54, 1, 131, 3.1, 3),
(638, 54, 1, 131, 27.8, 4),
(639, 54, 1, 131, 48.5, 5),
(640, 54, 1, 131, 0.4, 6),
(641, 54, 1, 131, 3.7, 7),
(642, 54, 1, 131, 0.5, 8),
(643, 54, 2, 131, NULL, 1),
(644, 54, 2, 131, 49.8, 2),
(645, 54, 2, 131, 2.2, 3),
(646, 54, 2, 131, 29.5, 4),
(647, 54, 2, 131, 14.1, 5),
(648, 54, 2, 131, 0.9, 6),
(649, 54, 2, 131, 1.7, 7),
(650, 54, 2, 131, 0.5, 8),
(651, 54, 2, 132, NULL, 1),
(652, 54, 2, 132, 51.9, 2),
(653, 54, 2, 132, 2.2, 3),
(654, 54, 2, 132, 24.5, 4),
(655, 54, 2, 132, 14.5, 5),
(656, 54, 2, 132, 1.8, 6),
(657, 54, 2, 132, 3.1, 7),
(658, 54, 1, 132, NULL, 1),
(659, 54, 2, 132, 0.4, 8),
(660, 54, 1, 132, 20, 2),
(661, 54, 1, 132, 2, 3),
(662, 54, 1, 132, 14.3, 4),
(663, 54, 1, 132, 60.3, 5),
(664, 54, 1, 132, 0.5, 6),
(665, 54, 1, 132, 1.7, 7),
(666, 54, 1, 132, 0.3, 8),
(667, 54, 1, 133, NULL, 1),
(668, 54, 2, 133, NULL, 1),
(669, 54, 1, 133, 5.7, 2),
(670, 54, 2, 133, 13.9, 2),
(671, 54, 1, 133, 3.5, 3),
(672, 54, 2, 133, 0.3, 3),
(673, 54, 1, 133, 90.1, 4),
(674, 54, 2, 133, 79.7, 4),
(675, 54, 1, 133, 0, 5),
(676, 54, 2, 133, 0.2, 5),
(677, 54, 1, 133, 0, 6),
(678, 54, 2, 133, 0, 6),
(679, 54, 1, 133, 0, 7),
(680, 54, 1, 133, 0, 8),
(681, 54, 2, 133, 0.5, 7),
(682, 54, 2, 133, 0.3, 8),
(683, 54, 1, 134, NULL, 1),
(684, 54, 1, 134, 9, 2),
(685, 54, 1, 134, 67, 3),
(686, 54, 1, 134, 23, 4),
(687, 54, 1, 134, 0, 5),
(688, 54, 1, 134, 0, 6),
(689, 54, 1, 134, 0, 7),
(690, 54, 1, 134, 1, 8),
(691, 54, 2, 134, NULL, 1),
(692, 54, 2, 134, 12.1, 2),
(693, 54, 2, 134, 16.9, 3),
(694, 54, 2, 134, 63.2, 4),
(695, 54, 2, 134, 0.2, 5),
(696, 54, 2, 134, 0.3, 6),
(697, 54, 2, 134, 0.7, 7),
(698, 54, 2, 134, 0.1, 8),
(699, 54, 1, 135, NULL, 1),
(700, 54, 2, 135, NULL, 1),
(701, 54, 1, 135, 19.9, 2),
(702, 54, 2, 135, 35.3, 2),
(703, 54, 1, 135, 4, 3),
(704, 54, 2, 135, 3.3, 3),
(705, 54, 1, 135, 38.7, 4),
(706, 54, 2, 135, 44.2, 4),
(707, 54, 2, 135, 11.8, 5),
(708, 54, 1, 135, 34.7, 5),
(709, 54, 2, 135, 0.5, 6),
(710, 54, 1, 135, 0.1, 6),
(711, 54, 2, 135, 2.3, 7),
(712, 54, 1, 135, 1.2, 7),
(713, 54, 2, 135, 0.6, 8),
(714, 54, 1, 135, 0.6, 8),
(715, 54, 1, 136, NULL, 1),
(716, 54, 1, 136, 20, 2),
(717, 54, 1, 136, 4.9, 3),
(718, 54, 1, 136, 22.9, 4),
(719, 54, 1, 136, 50.4, 5),
(720, 54, 1, 136, 0.1, 6),
(721, 54, 1, 136, 0.9, 7),
(722, 54, 1, 136, 0.3, 8),
(723, 54, 2, 136, NULL, 1),
(724, 54, 2, 136, 37, 2),
(725, 54, 2, 136, 3.8, 3),
(726, 54, 2, 136, 49.3, 4),
(727, 54, 2, 136, 7.1, 5),
(728, 54, 2, 136, 0.6, 6),
(729, 54, 2, 136, 0.8, 7),
(730, 54, 2, 136, 0.4, 8),
(731, 54, 2, 137, NULL, 1),
(732, 54, 1, 137, NULL, 1),
(733, 54, 2, 137, 37.9, 2),
(734, 54, 1, 137, 15.4, 2),
(735, 54, 2, 137, 2.5, 3),
(736, 54, 2, 137, 40.2, 4),
(737, 54, 1, 137, 4, 3),
(738, 54, 1, 137, 36, 4),
(739, 54, 2, 137, 13.9, 5),
(740, 54, 2, 137, 0.7, 6),
(741, 54, 1, 137, 41.3, 5),
(742, 54, 2, 137, 1.9, 7),
(743, 54, 1, 137, 0.4, 6),
(744, 54, 1, 137, 1.1, 7),
(745, 54, 2, 137, 0.6, 8),
(746, 54, 1, 137, 0.6, 8),
(747, 54, 2, 138, NULL, 1),
(748, 54, 2, 138, 42.2, 2),
(749, 54, 2, 138, 1.7, 3),
(750, 54, 2, 138, 29.2, 4),
(751, 54, 2, 138, 22.3, 5),
(752, 54, 2, 138, 0.2, 6),
(753, 54, 2, 138, 2.8, 7),
(754, 54, 2, 138, 0.4, 8),
(755, 54, 1, 138, NULL, 1),
(756, 54, 1, 138, 21.7, 2),
(757, 54, 1, 138, 1.9, 3),
(758, 54, 1, 138, 18.9, 4),
(759, 54, 1, 138, 53.7, 5),
(760, 54, 1, 138, 0.1, 6),
(761, 54, 1, 138, 2.6, 7),
(762, 54, 1, 138, 0.3, 8),
(763, 54, 2, 139, NULL, 1),
(764, 54, 2, 139, 50.4, 2),
(765, 54, 2, 139, 4.3, 3),
(766, 54, 2, 139, 27.1, 4),
(767, 54, 2, 139, 14.6, 5),
(768, 54, 2, 139, 0.3, 6),
(769, 54, 2, 139, 1.4, 7),
(770, 54, 2, 139, 0.4, 8),
(771, 54, 1, 139, NULL, 1),
(772, 54, 1, 139, 31.9, 2),
(773, 54, 1, 139, 3.9, 3),
(774, 54, 1, 139, 21.7, 4),
(775, 54, 1, 139, 39.7, 5),
(776, 54, 1, 139, 0.1, 6),
(777, 54, 1, 139, 1.4, 7),
(778, 54, 1, 139, 0.5, 8),
(779, 54, 2, 14, NULL, 1),
(780, 54, 1, 14, NULL, 1),
(781, 54, 2, 14, 32.5, 2),
(782, 54, 1, 14, 20.4, 2),
(783, 54, 2, 14, 18.9, 3),
(784, 54, 1, 14, 21.2, 3),
(785, 54, 2, 14, 39.2, 4),
(786, 54, 1, 14, 50.5, 4),
(787, 54, 2, 14, 1.6, 5),
(788, 54, 1, 14, 2.2, 5),
(789, 54, 2, 14, 1.5, 6),
(790, 54, 1, 14, 1, 6),
(791, 54, 2, 14, 2.4, 7),
(792, 54, 1, 14, 1.5, 7),
(793, 54, 2, 14, 0.5, 8),
(794, 54, 1, 14, 0.6, 8),
(795, 54, 1, 141, NULL, 1),
(796, 54, 1, 141, 17.4, 2),
(797, 54, 1, 141, 4.1, 3),
(798, 54, 1, 141, 57.9, 4),
(799, 54, 1, 141, 17.3, 5),
(800, 54, 1, 141, 0.5, 6),
(801, 54, 1, 141, 1.1, 7),
(802, 54, 1, 141, 0.3, 8),
(803, 54, 2, 141, NULL, 1),
(804, 54, 2, 141, 36.1, 2),
(805, 54, 2, 141, 5.9, 3),
(806, 54, 2, 141, 44.1, 4),
(807, 54, 2, 141, 9, 5),
(808, 54, 2, 141, 1.1, 6),
(809, 54, 2, 141, 1.4, 7),
(810, 54, 2, 141, 0.1, 8),
(811, 54, 2, 142, NULL, 1),
(812, 54, 2, 142, 26.5, 2),
(813, 54, 2, 142, 6.8, 3),
(814, 54, 2, 142, 57.6, 4),
(815, 54, 2, 142, 4.4, 5),
(816, 54, 2, 142, 0.6, 6),
(817, 54, 2, 142, 1.5, 7),
(818, 54, 2, 142, 0.3, 8),
(819, 54, 1, 142, NULL, 1),
(820, 54, 1, 142, 10.2, 2),
(821, 54, 1, 142, 8.5, 3),
(822, 54, 1, 142, 72.7, 4),
(823, 54, 1, 142, 4.2, 5),
(824, 54, 1, 142, 0.2, 6),
(825, 54, 1, 142, 0.7, 7),
(826, 54, 1, 142, 0.4, 8),
(827, 54, 1, 143, NULL, 1),
(828, 54, 2, 143, NULL, 1),
(829, 54, 1, 143, 9.2, 2),
(830, 54, 2, 143, 35, 2),
(831, 54, 1, 143, 0.9, 3),
(832, 54, 2, 143, 1.6, 3),
(833, 54, 1, 143, 44.5, 4),
(834, 54, 2, 143, 40, 4),
(835, 54, 1, 143, 42.1, 5),
(836, 54, 2, 143, 18.5, 5),
(837, 54, 1, 143, 0.2, 6),
(838, 54, 2, 143, 0.7, 6),
(839, 54, 1, 143, 1.7, 7),
(840, 54, 2, 143, 1.6, 7),
(841, 54, 1, 143, 0.5, 8),
(842, 54, 2, 143, 0.4, 8),
(843, 54, 1, 144, NULL, 1),
(844, 54, 1, 144, 25.9, 2),
(845, 54, 1, 144, 3.1, 3),
(846, 54, 1, 144, 39.7, 4),
(847, 54, 1, 144, 28.1, 5),
(848, 54, 1, 144, 0.1, 6),
(849, 54, 1, 144, 1.6, 7),
(850, 54, 1, 144, 0.3, 8),
(851, 54, 2, 144, NULL, 1),
(852, 54, 2, 144, 44, 2),
(853, 54, 2, 144, 3, 3),
(854, 54, 2, 144, 32, 4),
(855, 54, 2, 144, 16.9, 5),
(856, 54, 2, 144, 0.3, 6),
(857, 54, 2, 144, 2.2, 7),
(858, 54, 2, 144, 0.3, 8),
(859, 54, 1, 145, NULL, 1),
(860, 54, 1, 145, 12.8, 2),
(861, 54, 1, 145, 3.8, 3),
(862, 54, 1, 145, 63.3, 4),
(863, 54, 1, 145, 16.8, 5),
(864, 54, 1, 145, 0.3, 6),
(865, 54, 2, 145, NULL, 1),
(866, 54, 1, 145, 0.8, 7),
(867, 54, 2, 145, 35.5, 2),
(868, 54, 1, 145, 0.8, 8),
(869, 54, 2, 145, 2, 3),
(870, 54, 2, 145, 44.6, 4),
(871, 54, 2, 145, 13.9, 5),
(872, 54, 2, 145, 1, 6),
(873, 54, 2, 145, 1.2, 7),
(874, 54, 2, 145, 0.4, 8),
(875, 54, 2, 146, NULL, 1),
(876, 54, 2, 146, 29.9, 2),
(877, 54, 2, 146, 3.6, 3),
(878, 54, 2, 146, 47.3, 4),
(879, 54, 2, 146, 15.1, 5),
(880, 54, 2, 146, 0.6, 6),
(881, 54, 2, 146, 1.3, 7),
(882, 54, 2, 146, 0.5, 8),
(883, 54, 1, 146, NULL, 1),
(884, 54, 1, 146, 10.2, 2),
(885, 54, 1, 146, 2.8, 3),
(886, 54, 1, 146, 48.9, 4),
(887, 54, 1, 146, 35.3, 5),
(888, 54, 1, 146, 0.3, 6),
(889, 54, 1, 146, 0.7, 7),
(890, 54, 1, 146, 0.5, 8),
(891, 54, 2, 147, NULL, 1),
(892, 54, 1, 147, NULL, 1),
(893, 54, 2, 147, 8.9, 2),
(894, 54, 1, 147, 27.1, 2),
(895, 54, 2, 147, 9.9, 3),
(896, 54, 1, 147, 25.4, 3),
(897, 54, 1, 147, 30.5, 4),
(898, 54, 1, 147, 11.9, 5),
(899, 54, 1, 147, 1.7, 6),
(900, 54, 2, 147, 71.4, 4),
(901, 54, 1, 147, 0, 7),
(902, 54, 2, 147, 4.1, 5),
(903, 54, 2, 147, 0, 6),
(904, 54, 1, 147, 1.7, 8),
(905, 54, 2, 147, 0.7, 7),
(906, 54, 2, 147, 1.1, 8),
(907, 54, 2, 148, NULL, 1),
(908, 54, 2, 148, 28.8, 2),
(909, 54, 2, 148, 1.3, 3),
(910, 54, 2, 148, 48.7, 4),
(911, 54, 2, 148, 4.4, 5),
(912, 54, 2, 148, 0, 6),
(913, 54, 2, 148, 0.7, 7),
(914, 54, 2, 148, 0.2, 8),
(915, 54, 1, 148, NULL, 1),
(916, 54, 1, 148, 26.6, 2),
(917, 54, 1, 148, 9.4, 3),
(918, 54, 1, 148, 7.8, 4),
(919, 54, 1, 148, 45.3, 5),
(920, 54, 1, 148, 0, 6),
(921, 54, 1, 148, 6.3, 7),
(922, 54, 1, 148, 0, 8),
(923, 54, 1, 149, NULL, 1),
(924, 54, 2, 149, NULL, 1),
(925, 54, 1, 149, 20.3, 2),
(926, 54, 2, 149, 30.9, 2),
(927, 54, 1, 149, 23.1, 3),
(928, 54, 2, 149, 16, 3),
(929, 54, 1, 149, 9, 4),
(930, 54, 2, 149, 40, 4),
(931, 54, 2, 149, 5.9, 5),
(932, 54, 1, 149, 44.8, 5),
(933, 54, 2, 149, 0.4, 6),
(934, 54, 1, 149, 0, 6),
(935, 54, 2, 149, 2.5, 7),
(936, 54, 1, 149, 0.9, 7),
(937, 54, 2, 149, 0.1, 8),
(938, 54, 1, 149, 0.9, 8),
(939, 54, 2, 15, NULL, 1),
(940, 54, 1, 15, NULL, 1),
(941, 54, 2, 15, 30.7, 2),
(942, 54, 1, 15, 14, 2),
(943, 54, 2, 15, 15.3, 3),
(944, 54, 1, 15, 22.6, 3),
(945, 54, 2, 15, 45, 4),
(946, 54, 1, 15, 58.2, 4),
(947, 54, 2, 15, 1.1, 5),
(948, 54, 1, 15, 1, 5),
(949, 54, 2, 15, 1.1, 6),
(950, 54, 1, 15, 0.3, 6),
(951, 54, 2, 15, 2.4, 7),
(952, 54, 2, 15, 0.5, 8),
(953, 54, 1, 15, 1.1, 7),
(954, 54, 1, 15, 0.4, 8),
(955, 54, 1, 150, NULL, 1),
(956, 54, 2, 150, NULL, 1),
(957, 54, 1, 150, 55, 2),
(958, 54, 2, 150, 29.8, 2),
(959, 54, 1, 150, 5, 3),
(960, 54, 2, 150, 12.8, 3),
(961, 54, 1, 150, 0, 4),
(962, 54, 2, 150, 32.9, 4),
(963, 54, 1, 150, 40, 5),
(964, 54, 2, 150, 20.1, 5),
(965, 54, 1, 150, 0, 6),
(966, 54, 2, 150, 0, 6),
(967, 54, 1, 150, 0, 7),
(968, 54, 2, 150, 1.7, 7),
(969, 54, 1, 150, 0, 8),
(970, 54, 2, 150, 0, 8),
(971, 54, 1, 16, NULL, 1),
(972, 54, 1, 16, 23, 2),
(973, 54, 1, 16, 25.8, 3),
(974, 54, 1, 16, 44.2, 4),
(975, 54, 1, 16, 1.5, 5),
(976, 54, 1, 16, 0.8, 6),
(977, 54, 1, 16, 1.1, 7),
(978, 54, 1, 16, 0.7, 8),
(979, 54, 2, 16, NULL, 1),
(980, 54, 2, 16, 39.7, 2),
(981, 54, 2, 16, 15.6, 3),
(982, 54, 2, 16, 35.9, 4),
(983, 54, 2, 16, 1.4, 5),
(984, 54, 2, 16, 1.6, 6),
(985, 54, 2, 16, 1.9, 7),
(986, 54, 2, 16, 0.8, 8),
(987, 54, 1, 17, NULL, 1),
(988, 54, 1, 17, 14.6, 2),
(989, 54, 1, 17, 41, 3),
(990, 54, 1, 17, 39.4, 4),
(991, 54, 1, 17, 1.2, 5),
(992, 54, 1, 17, 0.2, 6),
(993, 54, 1, 17, 0.8, 7),
(994, 54, 1, 17, 0.5, 8),
(995, 54, 2, 17, NULL, 1),
(996, 54, 2, 17, 28.7, 2),
(997, 54, 2, 17, 33, 3),
(998, 54, 2, 17, 30.9, 4),
(999, 54, 2, 17, 2, 5),
(1000, 54, 2, 17, 1.1, 6),
(1001, 54, 2, 17, 1.3, 7),
(1002, 54, 2, 17, 0.4, 8),
(1003, 54, 1, 18, NULL, 1),
(1004, 54, 1, 18, 17.1, 2),
(1005, 54, 1, 18, 26.1, 3),
(1006, 54, 1, 18, 50.8, 4),
(1007, 54, 1, 18, 1.7, 5),
(1008, 54, 1, 18, 0.5, 6),
(1009, 54, 1, 18, 0.9, 7),
(1010, 54, 1, 18, 0.9, 8),
(1011, 54, 2, 18, NULL, 1),
(1012, 54, 2, 18, 24.4, 2),
(1013, 54, 2, 18, 26.8, 3),
(1014, 54, 2, 18, 41.2, 4),
(1015, 54, 2, 18, 1.4, 5),
(1016, 54, 2, 18, 0.7, 6),
(1017, 54, 2, 18, 1.5, 7),
(1018, 54, 2, 18, 0.5, 8),
(1019, 54, 2, 19, NULL, 1),
(1020, 54, 2, 19, 31.3, 2),
(1021, 54, 2, 19, 18.1, 3),
(1022, 54, 2, 19, 42.2, 4),
(1023, 54, 2, 19, 1.9, 5),
(1024, 54, 2, 19, 0.5, 6),
(1025, 54, 2, 19, 2.2, 7),
(1026, 54, 2, 19, 0.4, 8),
(1027, 54, 1, 19, NULL, 1),
(1028, 54, 1, 19, 17.8, 2),
(1029, 54, 1, 19, 18.2, 3),
(1030, 54, 1, 19, 58.6, 4),
(1031, 54, 1, 19, 1.4, 5),
(1032, 54, 1, 19, 0.3, 6),
(1033, 54, 1, 19, 1.2, 7),
(1034, 54, 1, 19, 0.7, 8),
(1035, 54, 2, 2, NULL, 1),
(1036, 54, 2, 2, 36.8, 2),
(1037, 54, 2, 2, 8.5, 3),
(1038, 54, 2, 2, 45.1, 4),
(1039, 54, 2, 2, 1.5, 5),
(1040, 54, 2, 2, 0.7, 6),
(1041, 54, 2, 2, 2.7, 7),
(1042, 54, 2, 2, 0.7, 8),
(1043, 54, 1, 2, NULL, 1),
(1044, 54, 1, 2, 22.6, 2),
(1045, 54, 1, 2, 19.4, 3),
(1046, 54, 1, 2, 51.2, 4),
(1047, 54, 1, 2, 2, 5),
(1048, 54, 1, 2, 0.3, 6),
(1049, 54, 1, 2, 1.2, 7),
(1050, 54, 1, 2, 0.7, 8),
(1051, 54, 1, 20, NULL, 1),
(1052, 54, 1, 20, 18, 2),
(1053, 54, 1, 20, 25.6, 3),
(1054, 54, 1, 20, 47.9, 4),
(1055, 54, 1, 20, 1.8, 5),
(1056, 54, 1, 20, 0.7, 6),
(1057, 54, 1, 20, 1.8, 7),
(1058, 54, 1, 20, 1.2, 8),
(1059, 54, 2, 20, NULL, 1),
(1060, 54, 2, 20, 32.2, 2),
(1061, 54, 2, 20, 17.8, 3),
(1062, 54, 2, 20, 41.1, 4),
(1063, 54, 2, 20, 2.1, 5),
(1064, 54, 2, 20, 1.3, 6),
(1065, 54, 2, 20, 1.6, 7),
(1066, 54, 2, 20, 0.9, 8),
(1067, 54, 1, 21, NULL, 1),
(1068, 54, 2, 21, NULL, 1),
(1069, 54, 1, 21, 18.6, 2),
(1070, 54, 2, 21, 29.3, 2),
(1071, 54, 1, 21, 30, 3),
(1072, 54, 2, 21, 23.5, 3),
(1073, 54, 2, 21, 38, 4),
(1074, 54, 1, 21, 45, 4),
(1075, 54, 2, 21, 3.1, 5),
(1076, 54, 1, 21, 1.8, 5),
(1077, 54, 2, 21, 2.2, 6),
(1078, 54, 1, 21, 0.6, 6),
(1079, 54, 2, 21, 1.1, 7),
(1080, 54, 1, 21, 1.1, 7),
(1081, 54, 2, 21, 0.4, 8),
(1082, 54, 1, 21, 1, 8),
(1083, 54, 2, 22, NULL, 1),
(1084, 54, 2, 22, 26.1, 2),
(1085, 54, 2, 22, 10, 3),
(1086, 54, 2, 22, 52.8, 4),
(1087, 54, 2, 22, 1.1, 5),
(1088, 54, 2, 22, 2.4, 6),
(1089, 54, 2, 22, 2.4, 7),
(1090, 54, 2, 22, 0.6, 8),
(1091, 54, 1, 22, NULL, 1),
(1092, 54, 1, 22, 12.8, 2),
(1093, 54, 1, 22, 16.5, 3),
(1094, 54, 1, 22, 64.5, 4),
(1095, 54, 1, 22, 1, 5),
(1096, 54, 1, 22, 1.1, 6),
(1097, 54, 1, 22, 0.9, 7),
(1098, 54, 1, 22, 0.6, 8),
(1099, 54, 2, 23, NULL, 1),
(1100, 54, 1, 23, NULL, 1),
(1101, 54, 2, 23, 28.1, 2),
(1102, 54, 2, 23, 15.5, 3),
(1103, 54, 1, 23, 15.8, 2),
(1104, 54, 2, 23, 47.5, 4),
(1105, 54, 1, 23, 20.4, 3),
(1106, 54, 2, 23, 1.2, 5),
(1107, 54, 1, 23, 58.5, 4),
(1108, 54, 2, 23, 1.2, 6),
(1109, 54, 1, 23, 1, 5),
(1110, 54, 2, 23, 2, 7),
(1111, 54, 1, 23, 0.4, 6),
(1112, 54, 1, 23, 0.9, 7),
(1113, 54, 2, 23, 0.3, 8),
(1114, 54, 1, 23, 0.3, 8),
(1115, 54, 2, 24, NULL, 1),
(1116, 54, 1, 24, NULL, 1),
(1117, 54, 1, 24, 15.3, 2),
(1118, 54, 2, 24, 26.5, 2),
(1119, 54, 2, 24, 12.5, 3),
(1120, 54, 1, 24, 12.9, 3),
(1121, 54, 2, 24, 52.3, 4),
(1122, 54, 1, 24, 67.3, 4),
(1123, 54, 2, 24, 1.8, 5),
(1124, 54, 1, 24, 1, 5),
(1125, 54, 2, 24, 0.8, 6),
(1126, 54, 1, 24, 0.6, 6),
(1127, 54, 2, 24, 1.9, 7),
(1128, 54, 1, 24, 0.7, 7),
(1129, 54, 2, 24, 0.4, 8),
(1130, 54, 1, 24, 0.5, 8),
(1131, 54, 2, 25, NULL, 1),
(1132, 54, 2, 25, 28, 2),
(1133, 54, 2, 25, 22.3, 3),
(1134, 54, 2, 25, 40.5, 4),
(1135, 54, 2, 25, 1.8, 5),
(1136, 54, 2, 25, 0.8, 6),
(1137, 54, 2, 25, 1.9, 7),
(1138, 54, 2, 25, 0.5, 8),
(1139, 54, 1, 25, NULL, 1),
(1140, 54, 1, 25, 16, 2),
(1141, 54, 1, 25, 23.9, 3),
(1142, 54, 1, 25, 54.2, 4),
(1143, 54, 1, 25, 1.6, 5),
(1144, 54, 1, 25, 0.4, 6),
(1145, 54, 1, 25, 1.1, 7),
(1146, 54, 1, 25, 0.7, 8),
(1147, 54, 1, 26, NULL, 1),
(1148, 54, 1, 26, 29.3, 2),
(1149, 54, 1, 26, 3.7, 3),
(1150, 54, 1, 26, 60.5, 4),
(1151, 54, 1, 26, 0.6, 5),
(1152, 54, 1, 26, 0.9, 6),
(1153, 54, 1, 26, 0.1, 7),
(1154, 54, 1, 26, 3.6, 8),
(1155, 54, 2, 26, NULL, 1),
(1156, 54, 2, 26, 36.8, 2),
(1157, 54, 2, 26, 3.6, 3),
(1158, 54, 2, 26, 49.4, 4),
(1159, 54, 2, 26, 1.9, 5),
(1160, 54, 2, 26, 4.4, 6),
(1161, 54, 2, 26, 0.9, 7),
(1162, 54, 2, 26, 1.7, 8),
(1163, 54, 1, 27, NULL, 1),
(1164, 54, 1, 27, 30.8, 2),
(1165, 54, 1, 27, 16, 3),
(1166, 54, 1, 27, 47.7, 4),
(1167, 54, 1, 27, 1.5, 5),
(1168, 54, 1, 27, 0.9, 6),
(1169, 54, 1, 27, 0.7, 7),
(1170, 54, 1, 27, 0.7, 8),
(1171, 54, 2, 27, NULL, 1),
(1172, 54, 2, 27, 31.5, 2),
(1173, 54, 2, 27, 18.2, 3),
(1174, 54, 2, 27, 41.4, 4),
(1175, 54, 2, 27, 1.4, 5),
(1176, 54, 2, 27, 1.2, 6),
(1177, 54, 2, 27, 1.7, 7),
(1178, 54, 2, 27, 0.9, 8),
(1179, 54, 1, 28, NULL, 1),
(1180, 54, 2, 28, NULL, 1),
(1181, 54, 1, 28, 17.1, 2),
(1182, 54, 2, 28, 29.6, 2),
(1183, 54, 1, 28, 28.9, 3),
(1184, 54, 2, 28, 28.5, 3),
(1185, 54, 1, 28, 47.6, 4),
(1186, 54, 2, 28, 34.7, 4),
(1187, 54, 1, 28, 2, 5),
(1188, 54, 2, 28, 1.7, 5),
(1189, 54, 1, 28, 0.4, 6),
(1190, 54, 2, 28, 0.4, 6),
(1191, 54, 1, 28, 1.1, 7),
(1192, 54, 2, 28, 1.6, 7),
(1193, 54, 1, 28, 0.9, 8),
(1194, 54, 2, 28, 0.4, 8),
(1195, 54, 2, 29, NULL, 1),
(1196, 54, 1, 29, NULL, 1),
(1197, 54, 1, 29, 15.6, 2),
(1198, 54, 2, 29, 35.9, 2),
(1199, 54, 1, 29, 35.4, 3),
(1200, 54, 2, 29, 18.2, 3),
(1201, 54, 1, 29, 38.3, 4),
(1202, 54, 2, 29, 34.8, 4),
(1203, 54, 1, 29, 5.3, 5),
(1204, 54, 2, 29, 2.3, 5),
(1205, 54, 1, 29, 0.6, 6),
(1206, 54, 2, 29, 2.1, 6),
(1207, 54, 1, 29, 2.7, 7),
(1208, 54, 2, 29, 2.2, 7),
(1209, 54, 1, 29, 0.4, 8),
(1210, 54, 2, 29, 0.4, 8),
(1211, 54, 1, 3, NULL, 1),
(1212, 54, 2, 3, NULL, 1),
(1213, 54, 1, 3, 21, 2),
(1214, 54, 1, 3, 30.2, 3),
(1215, 54, 2, 3, 39.1, 2),
(1216, 54, 1, 3, 41.5, 4),
(1217, 54, 2, 3, 9.5, 3),
(1218, 54, 1, 3, 2.3, 5),
(1219, 54, 2, 3, 41.3, 4),
(1220, 54, 1, 3, 0.3, 6),
(1221, 54, 2, 3, 2.3, 5),
(1222, 54, 2, 3, 0.8, 6),
(1223, 54, 1, 3, 1.5, 7),
(1224, 54, 2, 3, 2.1, 7),
(1225, 54, 1, 3, 0.4, 8),
(1226, 54, 2, 3, 0.5, 8),
(1227, 54, 2, 30, NULL, 1),
(1228, 54, 2, 30, 31.4, 2),
(1229, 54, 2, 30, 21.7, 3),
(1230, 54, 2, 30, 37.4, 4),
(1231, 54, 1, 30, NULL, 1),
(1232, 54, 2, 30, 1.4, 5),
(1233, 54, 2, 30, 0.9, 6),
(1234, 54, 1, 30, 14, 2),
(1235, 54, 1, 30, 31.2, 3),
(1236, 54, 2, 30, 2.3, 7),
(1237, 54, 1, 30, 47.8, 4),
(1238, 54, 2, 30, 0.6, 8),
(1239, 54, 1, 30, 1.3, 5),
(1240, 54, 1, 30, 0.6, 6),
(1241, 54, 1, 30, 1.3, 7),
(1242, 54, 1, 30, 0.6, 8),
(1243, 54, 2, 31, NULL, 1),
(1244, 54, 2, 31, 31.5, 2),
(1245, 54, 2, 31, 27, 3),
(1246, 54, 2, 31, 34.4, 4),
(1247, 54, 2, 31, 1.2, 5),
(1248, 54, 2, 31, 0.7, 6),
(1249, 54, 2, 31, 1.8, 7),
(1250, 54, 2, 31, 0.2, 8),
(1251, 54, 1, 31, NULL, 1),
(1252, 54, 1, 31, 16.9, 2),
(1253, 54, 1, 31, 30.3, 3),
(1254, 54, 1, 31, 46.7, 4),
(1255, 54, 1, 31, 1.3, 5),
(1256, 54, 1, 31, 0.5, 6),
(1257, 54, 1, 31, 1.1, 7),
(1258, 54, 1, 31, 0.6, 8),
(1259, 54, 2, 32, NULL, 1),
(1260, 54, 2, 32, 23.4, 2),
(1261, 54, 2, 32, 56.2, 3),
(1262, 54, 2, 32, 15, 4),
(1263, 54, 2, 32, 0.6, 5),
(1264, 54, 2, 32, 0.8, 6),
(1265, 54, 2, 32, 0.8, 7),
(1266, 54, 2, 32, 0.5, 8),
(1267, 54, 1, 32, NULL, 1),
(1268, 54, 1, 32, 17.8, 2),
(1269, 54, 1, 32, 62.8, 3),
(1270, 54, 1, 32, 13.4, 4),
(1271, 54, 1, 32, 1.7, 5),
(1272, 54, 1, 32, 0, 6),
(1273, 54, 1, 32, 1.7, 7),
(1274, 54, 1, 32, 0.3, 8),
(1275, 54, 1, 33, NULL, 1),
(1276, 54, 2, 33, NULL, 1),
(1277, 54, 1, 33, 14.9, 2),
(1278, 54, 2, 33, 27, 2),
(1279, 54, 1, 33, 23, 3),
(1280, 54, 2, 33, 23.3, 3),
(1281, 54, 1, 33, 56.4, 4),
(1282, 54, 2, 33, 41.6, 4),
(1283, 54, 1, 33, 1.1, 5),
(1284, 54, 2, 33, 1.4, 5),
(1285, 54, 1, 33, 0.4, 6),
(1286, 54, 2, 33, 0.9, 6),
(1287, 54, 1, 33, 1, 7),
(1288, 54, 2, 33, 2, 7),
(1289, 54, 1, 33, 0.8, 8),
(1290, 54, 2, 33, 0.5, 8),
(1291, 54, 2, 34, NULL, 1),
(1292, 54, 1, 34, NULL, 1),
(1293, 54, 2, 34, 36.8, 2),
(1294, 54, 2, 34, 24.2, 3),
(1295, 54, 1, 34, 19.1, 2),
(1296, 54, 2, 34, 32.6, 4),
(1297, 54, 1, 34, 33.2, 3),
(1298, 54, 2, 34, 0.8, 5),
(1299, 54, 1, 34, 42.4, 4),
(1300, 54, 2, 34, 0.4, 6),
(1301, 54, 1, 34, 1.1, 5),
(1302, 54, 2, 34, 1.3, 7),
(1303, 54, 1, 34, 0.3, 6),
(1304, 54, 1, 34, 1.1, 7),
(1305, 54, 2, 34, 0.3, 8),
(1306, 54, 1, 34, 0.8, 8),
(1307, 54, 2, 35, NULL, 1),
(1308, 54, 1, 35, NULL, 1),
(1309, 54, 2, 35, 23.8, 2),
(1310, 54, 1, 35, 7.9, 2),
(1311, 54, 2, 35, 6.1, 3),
(1312, 54, 1, 35, 6.8, 3),
(1313, 54, 2, 35, 62.5, 4),
(1314, 54, 1, 35, 81.6, 4),
(1315, 54, 2, 35, 0.9, 5),
(1316, 54, 1, 35, 0.8, 5),
(1317, 54, 2, 35, 1, 6),
(1318, 54, 1, 35, 0.3, 6),
(1319, 54, 2, 35, 1.9, 7),
(1320, 54, 1, 35, 0.6, 7),
(1321, 54, 2, 35, 0.3, 8),
(1322, 54, 1, 35, 0.3, 8),
(1323, 54, 1, 36, NULL, 1),
(1324, 54, 2, 36, NULL, 1),
(1325, 54, 1, 36, 19.5, 2),
(1326, 54, 2, 36, 32.5, 2),
(1327, 54, 1, 36, 10.1, 3),
(1328, 54, 2, 36, 7.2, 3),
(1329, 54, 1, 36, 65.3, 4),
(1330, 54, 2, 36, 53.2, 4),
(1331, 54, 1, 36, 1.4, 5),
(1332, 54, 2, 36, 1.1, 5),
(1333, 54, 1, 36, 0.2, 6),
(1334, 54, 2, 36, 0.6, 6),
(1335, 54, 1, 36, 1, 7),
(1336, 54, 2, 36, 1.7, 7),
(1337, 54, 1, 36, 0.5, 8),
(1338, 54, 2, 36, 0.3, 8),
(1339, 54, 1, 37, NULL, 1),
(1340, 54, 1, 37, 14.3, 2),
(1341, 54, 1, 37, 18.6, 3),
(1342, 54, 1, 37, 61.5, 4),
(1343, 54, 1, 37, 1.2, 5),
(1344, 54, 1, 37, 0.4, 6),
(1345, 54, 1, 37, 1.3, 7),
(1346, 54, 1, 37, 0.5, 8),
(1347, 54, 2, 37, NULL, 1),
(1348, 54, 2, 37, 30.2, 2),
(1349, 54, 2, 37, 10.7, 3),
(1350, 54, 2, 37, 50.7, 4),
(1351, 54, 2, 37, 1.1, 5),
(1352, 54, 2, 37, 1, 6),
(1353, 54, 2, 37, 2.2, 7),
(1354, 54, 2, 37, 0.4, 8),
(1355, 54, 2, 38, NULL, 1),
(1356, 54, 1, 38, NULL, 1),
(1357, 54, 2, 38, NULL, 2),
(1358, 54, 1, 38, NULL, 2),
(1359, 54, 2, 38, NULL, 3),
(1360, 54, 1, 38, NULL, 3),
(1361, 54, 2, 38, NULL, 4),
(1362, 54, 2, 38, NULL, 5),
(1363, 54, 1, 38, NULL, 4),
(1364, 54, 2, 38, NULL, 6),
(1365, 54, 1, 38, NULL, 5),
(1366, 54, 2, 38, NULL, 7),
(1367, 54, 1, 38, NULL, 6),
(1368, 54, 2, 38, NULL, 8),
(1369, 54, 1, 38, NULL, 7),
(1370, 54, 1, 38, NULL, 8),
(1371, 54, 1, 39, NULL, 1),
(1372, 54, 2, 39, NULL, 1),
(1373, 54, 1, 39, 15.5, 2),
(1374, 54, 1, 39, 15.5, 3),
(1375, 54, 2, 39, 32.7, 2),
(1376, 54, 2, 39, 10.5, 3),
(1377, 54, 1, 39, 64, 4),
(1378, 54, 2, 39, 46.6, 4),
(1379, 54, 1, 39, 1.1, 5),
(1380, 54, 2, 39, 1.6, 5),
(1381, 54, 1, 39, 0.7, 6),
(1382, 54, 2, 39, 2.1, 6),
(1383, 54, 1, 39, 1.1, 7),
(1384, 54, 2, 39, 2.5, 7),
(1385, 54, 1, 39, 0.4, 8),
(1386, 54, 2, 39, 0.2, 8),
(1387, 54, 1, 4, NULL, 1),
(1388, 54, 1, 4, 23.7, 2),
(1389, 54, 1, 4, 30.3, 3),
(1390, 54, 1, 4, 39.4, 4),
(1391, 54, 1, 4, 1.4, 5),
(1392, 54, 1, 4, 0.5, 6),
(1393, 54, 2, 4, NULL, 1),
(1394, 54, 1, 4, 1.4, 7),
(1395, 54, 1, 4, 0.5, 8),
(1396, 54, 2, 4, 35.4, 2),
(1397, 54, 2, 4, 16.5, 3),
(1398, 54, 2, 4, 40.9, 4),
(1399, 54, 2, 4, 1.2, 5),
(1400, 54, 2, 4, 0.7, 6),
(1401, 54, 2, 4, 1.9, 7),
(1402, 54, 2, 4, 0.4, 8),
(1403, 54, 1, 40, NULL, 1),
(1404, 54, 1, 40, 15.6, 2),
(1405, 54, 1, 40, 35.7, 3),
(1406, 54, 1, 40, 42.8, 4),
(1407, 54, 1, 40, 1.2, 5),
(1408, 54, 1, 40, 0.3, 6),
(1409, 54, 1, 40, 1.7, 7),
(1410, 54, 1, 40, 0.5, 8),
(1411, 54, 2, 40, NULL, 1),
(1412, 54, 2, 40, 30.1, 2),
(1413, 54, 2, 40, 16.4, 3),
(1414, 54, 2, 40, 44.2, 4),
(1415, 54, 2, 40, 2.2, 5),
(1416, 54, 2, 40, 0.5, 6),
(1417, 54, 2, 40, 2.2, 7),
(1418, 54, 2, 40, 0.4, 8),
(1419, 54, 1, 41, NULL, 1),
(1420, 54, 2, 41, NULL, 1),
(1421, 54, 2, 41, 33, 2),
(1422, 54, 1, 41, 17.3, 2),
(1423, 54, 2, 41, 17, 3),
(1424, 54, 1, 41, 31.5, 3),
(1425, 54, 2, 41, 39, 4),
(1426, 54, 1, 41, 45.2, 4),
(1427, 54, 2, 41, 2.1, 5),
(1428, 54, 1, 41, 1.9, 5),
(1429, 54, 2, 41, 1.2, 6),
(1430, 54, 1, 41, 0.4, 6),
(1431, 54, 2, 41, 3.1, 7),
(1432, 54, 1, 41, 1.4, 7),
(1433, 54, 2, 41, 0.3, 8),
(1434, 54, 1, 41, 0.3, 8),
(1435, 54, 2, 42, NULL, 1),
(1436, 54, 2, 42, 35.7, 2),
(1437, 54, 2, 42, 18.9, 3),
(1438, 54, 2, 42, 34.7, 4),
(1439, 54, 2, 42, 1.7, 5),
(1440, 54, 2, 42, 1.5, 6),
(1441, 54, 2, 42, 2.3, 7),
(1442, 54, 2, 42, 0.7, 8),
(1443, 54, 1, 42, NULL, 1),
(1444, 54, 1, 42, 23.6, 2),
(1445, 54, 1, 42, 26.6, 3),
(1446, 54, 1, 42, 42.3, 4),
(1447, 54, 1, 42, 2.6, 5),
(1448, 54, 1, 42, 1.1, 6),
(1449, 54, 1, 42, 1.1, 7),
(1450, 54, 1, 42, 0.5, 8),
(1451, 54, 2, 43, NULL, 1),
(1452, 54, 2, 43, 23.3, 2),
(1453, 54, 2, 43, 12.4, 3),
(1454, 54, 2, 43, 55.6, 4),
(1455, 54, 2, 43, 0.7, 5),
(1456, 54, 2, 43, 0.6, 6),
(1457, 54, 2, 43, 1.9, 7),
(1458, 54, 2, 43, 0.2, 8),
(1459, 54, 1, 43, NULL, 1),
(1460, 54, 1, 43, 9.8, 2),
(1461, 54, 1, 43, 15.1, 3),
(1462, 54, 1, 43, 70.3, 4),
(1463, 54, 1, 43, 0.7, 5),
(1464, 54, 1, 43, 0.3, 6),
(1465, 54, 1, 43, 0.8, 7),
(1466, 54, 1, 43, 0.3, 8),
(1467, 54, 1, 44, NULL, 1),
(1468, 54, 1, 44, 11.4, 2),
(1469, 54, 2, 44, NULL, 1),
(1470, 54, 1, 44, 9.5, 3),
(1471, 54, 2, 44, 33, 2),
(1472, 54, 1, 44, 75.3, 4),
(1473, 54, 1, 44, 0.7, 5),
(1474, 54, 2, 44, 9.7, 3),
(1475, 54, 1, 44, 0.4, 6),
(1476, 54, 2, 44, 49.2, 4),
(1477, 54, 1, 44, 0.8, 7),
(1478, 54, 2, 44, 1.1, 5),
(1479, 54, 1, 44, 0.4, 8),
(1480, 54, 2, 44, 0.7, 6),
(1481, 54, 2, 44, 2.5, 7),
(1482, 54, 2, 44, 0.4, 8),
(1483, 54, 2, 45, NULL, 1),
(1484, 54, 2, 45, 23.6, 2),
(1485, 54, 2, 45, 8.4, 3),
(1486, 54, 2, 45, 61.8, 4),
(1487, 54, 2, 45, 0.8, 5),
(1488, 54, 2, 45, 0.4, 6),
(1489, 54, 2, 45, 1.5, 7),
(1490, 54, 2, 45, 0.4, 8),
(1491, 54, 1, 45, NULL, 1),
(1492, 54, 1, 45, 5, 2),
(1493, 54, 1, 45, 5.1, 3),
(1494, 54, 1, 45, 87.9, 4),
(1495, 54, 1, 45, 0.5, 5),
(1496, 54, 1, 45, 0.1, 6),
(1497, 54, 1, 45, 0.5, 7),
(1498, 54, 1, 45, 0.2, 8),
(1499, 54, 1, 46, NULL, 1),
(1500, 54, 2, 46, NULL, 1),
(1501, 54, 1, 46, 11.6, 2),
(1502, 54, 2, 46, 31.5, 2),
(1503, 54, 1, 46, 18.7, 3),
(1504, 54, 2, 46, 12.2, 3),
(1505, 54, 1, 46, 63.5, 4),
(1506, 54, 2, 46, 47.4, 4),
(1507, 54, 1, 46, 2.7, 5),
(1508, 54, 2, 46, 1.8, 5),
(1509, 54, 1, 46, 0.5, 6),
(1510, 54, 2, 46, 0.9, 6),
(1511, 54, 1, 46, 0.7, 7),
(1512, 54, 2, 46, 2.2, 7),
(1513, 54, 1, 46, 0.5, 8),
(1514, 54, 2, 46, 0.3, 8),
(1515, 54, 1, 47, NULL, 1),
(1516, 54, 1, 47, 16, 2),
(1517, 54, 1, 47, 27.7, 3),
(1518, 54, 2, 47, NULL, 1),
(1519, 54, 1, 47, 50.7, 4),
(1520, 54, 2, 47, 31.2, 2),
(1521, 54, 1, 47, 1.4, 5),
(1522, 54, 1, 47, 0.2, 6),
(1523, 54, 2, 47, 21.4, 3),
(1524, 54, 2, 47, 38.5, 4),
(1525, 54, 1, 47, 1.1, 7),
(1526, 54, 1, 47, 0.5, 8),
(1527, 54, 2, 47, 1.5, 5),
(1528, 54, 2, 47, 0.4, 6),
(1529, 54, 2, 47, 2.1, 7),
(1530, 54, 2, 47, 0.3, 8),
(1531, 54, 2, 48, NULL, 1),
(1532, 54, 2, 48, 26.4, 2),
(1533, 54, 2, 48, 37.8, 3),
(1534, 54, 2, 48, 26.2, 4),
(1535, 54, 2, 48, 3, 5),
(1536, 54, 2, 48, 0.9, 6),
(1537, 54, 2, 48, 2.4, 7),
(1538, 54, 2, 48, 0.3, 8),
(1539, 54, 1, 48, NULL, 1),
(1540, 54, 1, 48, 13.3, 2),
(1541, 54, 1, 48, 39.8, 3),
(1542, 54, 1, 48, 35.8, 4),
(1543, 54, 1, 48, 5.7, 5),
(1544, 54, 1, 48, 0.5, 6),
(1545, 54, 1, 48, 2.1, 7),
(1546, 54, 1, 48, 0.5, 8),
(1547, 54, 2, 49, NULL, 1),
(1548, 54, 2, 49, 26.6, 2),
(1549, 54, 2, 49, 8.1, 3),
(1550, 54, 2, 49, 56.6, 4),
(1551, 54, 2, 49, 0.8, 5),
(1552, 54, 2, 49, 0.7, 6),
(1553, 54, 2, 49, 2.1, 7),
(1554, 54, 2, 49, 0.4, 8),
(1555, 54, 1, 49, NULL, 1),
(1556, 54, 1, 49, 10.5, 2),
(1557, 54, 1, 49, 9.8, 3),
(1558, 54, 1, 49, 75, 4),
(1559, 54, 1, 49, 1.1, 5),
(1560, 54, 1, 49, 0.3, 6),
(1561, 54, 1, 49, 0.7, 7),
(1562, 54, 1, 49, 0.4, 8),
(1563, 54, 2, 5, NULL, 1),
(1564, 54, 2, 5, 35.5, 2),
(1565, 54, 2, 5, 10.8, 3),
(1566, 54, 2, 5, 42.1, 4),
(1567, 54, 2, 5, 1.6, 5),
(1568, 54, 1, 5, NULL, 1),
(1569, 54, 2, 5, 1.5, 6),
(1570, 54, 1, 5, 17.6, 2),
(1571, 54, 2, 5, 3, 7),
(1572, 54, 1, 5, 18.9, 3),
(1573, 54, 2, 5, 0.8, 8),
(1574, 54, 1, 5, 56.1, 4),
(1575, 54, 1, 5, 1.3, 5),
(1576, 54, 1, 5, 0.8, 6),
(1577, 54, 1, 5, 1.6, 7),
(1578, 54, 1, 5, 0.9, 8),
(1579, 54, 2, 50, NULL, 1),
(1580, 54, 2, 50, 24.3, 2),
(1581, 54, 2, 50, 9.1, 3),
(1582, 54, 2, 50, 58.8, 4),
(1583, 54, 2, 50, 0.5, 5),
(1584, 54, 2, 50, 0.6, 6),
(1585, 54, 2, 50, 1.8, 7),
(1586, 54, 2, 50, 0.5, 8),
(1587, 54, 1, 50, NULL, 1),
(1588, 54, 1, 50, 11.6, 2),
(1589, 54, 1, 50, 12.3, 3),
(1590, 54, 1, 50, 71.2, 4),
(1591, 54, 1, 50, 0.9, 5),
(1592, 54, 1, 50, 0.2, 6),
(1593, 54, 1, 50, 0.7, 7),
(1594, 54, 1, 50, 0.5, 8),
(1595, 54, 1, 51, NULL, 1),
(1596, 54, 2, 51, NULL, 1),
(1597, 54, 1, 51, 16.9, 2),
(1598, 54, 1, 51, 21.7, 3),
(1599, 54, 2, 51, 27.6, 2),
(1600, 54, 1, 51, 55.4, 4),
(1601, 54, 2, 51, 14.9, 3),
(1602, 54, 2, 51, 48.6, 4),
(1603, 54, 1, 51, 1.3, 5),
(1604, 54, 1, 51, 0.4, 6),
(1605, 54, 2, 51, 1, 5),
(1606, 54, 1, 51, 1, 7),
(1607, 54, 1, 51, 0.5, 8),
(1608, 54, 2, 51, 0.8, 6),
(1609, 54, 2, 51, 2.1, 7),
(1610, 54, 2, 51, 0.6, 8),
(1611, 54, 1, 52, NULL, 1),
(1612, 54, 1, 52, 14.7, 2),
(1613, 54, 1, 52, 5, 3),
(1614, 54, 1, 52, 75.4, 4),
(1615, 54, 1, 52, 1.2, 5),
(1616, 54, 1, 52, 0.4, 6),
(1617, 54, 1, 52, 0.9, 7),
(1618, 54, 1, 52, 0.4, 8),
(1619, 54, 2, 52, NULL, 1),
(1620, 54, 2, 52, 31.7, 2),
(1621, 54, 2, 52, 4.3, 3),
(1622, 54, 2, 52, 56.7, 4),
(1623, 54, 2, 52, 0.7, 5),
(1624, 54, 2, 52, 1, 6),
(1625, 54, 2, 52, 2, 7),
(1626, 54, 2, 52, 0.4, 8),
(1627, 54, 2, 53, NULL, 1),
(1628, 54, 2, 53, 35.9, 2),
(1629, 54, 2, 53, 6, 3),
(1630, 54, 2, 53, 49.6, 4),
(1631, 54, 2, 53, 0.9, 5),
(1632, 54, 2, 53, 1.1, 6),
(1633, 54, 2, 53, 2.7, 7),
(1634, 54, 2, 53, 0.5, 8),
(1635, 54, 1, 53, NULL, 1),
(1636, 54, 1, 53, 17.6, 2),
(1637, 54, 1, 53, 6.7, 3),
(1638, 54, 1, 53, 71.7, 4),
(1639, 54, 1, 53, 0.8, 5),
(1640, 54, 1, 53, 0.5, 6),
(1641, 54, 1, 53, 0.8, 7),
(1642, 54, 1, 53, 0.6, 8),
(1643, 54, 1, 54, NULL, 1),
(1644, 54, 1, 54, 15.8, 2),
(1645, 54, 1, 54, 19.7, 3),
(1646, 54, 1, 54, 58.3, 4),
(1647, 54, 1, 54, 1.6, 5),
(1648, 54, 1, 54, 0.4, 6),
(1649, 54, 1, 54, 1.6, 7),
(1650, 54, 1, 54, 0.7, 8),
(1651, 54, 2, 54, NULL, 1),
(1652, 54, 2, 54, 28, 2),
(1653, 54, 2, 54, 17.1, 3),
(1654, 54, 2, 54, 46.6, 4),
(1655, 54, 2, 54, 1.4, 5),
(1656, 54, 2, 54, 1.1, 6),
(1657, 54, 2, 54, 2.1, 7),
(1658, 54, 2, 54, 0.4, 8),
(1659, 54, 1, 55, NULL, 1),
(1660, 54, 2, 55, NULL, 1),
(1661, 54, 2, 55, 29.1, 2),
(1662, 54, 1, 55, 12.8, 2),
(1663, 54, 2, 55, 9.8, 3),
(1664, 54, 1, 55, 11.4, 3),
(1665, 54, 2, 55, 51.8, 4),
(1666, 54, 1, 55, 71.6, 4),
(1667, 54, 2, 55, 1.3, 5),
(1668, 54, 1, 55, 0.9, 5),
(1669, 54, 2, 55, 1.1, 6),
(1670, 54, 1, 55, 0.3, 6),
(1671, 54, 2, 55, 2.4, 7),
(1672, 54, 1, 55, 0.6, 7),
(1673, 54, 2, 55, 0.2, 8),
(1674, 54, 1, 55, 0.3, 8),
(1675, 54, 2, 56, NULL, 1),
(1676, 54, 1, 56, NULL, 1),
(1677, 54, 2, 56, 35.5, 2),
(1678, 54, 1, 56, 15.1, 2),
(1679, 54, 2, 56, 16.7, 3),
(1680, 54, 1, 56, 27.2, 3),
(1681, 54, 2, 56, 38.3, 4),
(1682, 54, 1, 56, 52, 4),
(1683, 54, 2, 56, 1.7, 5),
(1684, 54, 2, 56, 1.3, 6),
(1685, 54, 1, 56, 1.2, 5),
(1686, 54, 2, 56, 2, 7),
(1687, 54, 1, 56, 0.6, 6),
(1688, 54, 2, 56, 0.6, 8),
(1689, 54, 1, 56, 0.7, 7),
(1690, 54, 1, 56, 0.6, 8),
(1691, 54, 2, 57, NULL, 1),
(1692, 54, 2, 57, 36.2, 2),
(1693, 54, 2, 57, 14.9, 3),
(1694, 54, 2, 57, 33.4, 4),
(1695, 54, 2, 57, 3.5, 5),
(1696, 54, 2, 57, 2.3, 6),
(1697, 54, 2, 57, 4.5, 7),
(1698, 54, 2, 57, 0.5, 8),
(1699, 54, 1, 57, NULL, 1),
(1700, 54, 1, 57, 18.3, 2),
(1701, 54, 1, 57, 23, 3),
(1702, 54, 1, 57, 47, 4),
(1703, 54, 1, 57, 3.9, 5),
(1704, 54, 1, 57, 2.5, 6),
(1705, 54, 1, 57, 2.3, 7),
(1706, 54, 1, 57, 0.7, 8),
(1707, 54, 1, 58, NULL, 1),
(1708, 54, 1, 58, 10.7, 2),
(1709, 54, 1, 58, 30.4, 3),
(1710, 54, 1, 58, 54.4, 4),
(1711, 54, 1, 58, 1.1, 5),
(1712, 54, 1, 58, 0.4, 6),
(1713, 54, 1, 58, 0.5, 7),
(1714, 54, 1, 58, 0.5, 8),
(1715, 54, 2, 58, NULL, 1),
(1716, 54, 2, 58, 21.7, 2),
(1717, 54, 2, 58, 15.4, 3),
(1718, 54, 2, 58, 54.2, 4),
(1719, 54, 2, 58, 0.7, 5),
(1720, 54, 2, 58, 0.7, 6),
(1721, 54, 2, 58, 2.1, 7),
(1722, 54, 2, 58, 0.6, 8),
(1723, 54, 1, 6, NULL, 1),
(1724, 54, 1, 6, 21.1, 2),
(1725, 54, 1, 6, 18.6, 3),
(1726, 54, 1, 6, 55.3, 4),
(1727, 54, 1, 6, 1.3, 5),
(1728, 54, 1, 6, 0.3, 6),
(1729, 54, 1, 6, 1.5, 7),
(1730, 54, 1, 6, 0.4, 8),
(1731, 54, 2, 6, NULL, 1),
(1732, 54, 2, 6, 32.6, 2),
(1733, 54, 2, 6, 12, 3),
(1734, 54, 2, 6, 47.1, 4),
(1735, 54, 2, 6, 1.3, 5),
(1736, 54, 2, 6, 1.4, 6),
(1737, 54, 2, 6, 2.5, 7),
(1738, 54, 2, 6, 0.3, 8),
(1739, 54, 1, 60, NULL, 1),
(1740, 54, 1, 60, 20.3, 2),
(1741, 54, 1, 60, 22, 3),
(1742, 54, 1, 60, 51.8, 4),
(1743, 54, 1, 60, 1.3, 5),
(1744, 54, 1, 60, 0.4, 6),
(1745, 54, 1, 60, 1, 7),
(1746, 54, 1, 60, 0.5, 8),
(1747, 54, 2, 60, NULL, 1),
(1748, 54, 2, 60, 32.8, 2),
(1749, 54, 2, 60, 15.7, 3),
(1750, 54, 2, 60, 41.7, 4),
(1751, 54, 2, 60, 1.6, 5),
(1752, 54, 2, 60, 1.2, 6),
(1753, 54, 2, 60, 2, 7),
(1754, 54, 2, 60, 0.4, 8),
(1755, 54, 2, 61, NULL, 1),
(1756, 54, 1, 61, NULL, 1),
(1757, 54, 1, 61, 21, 2),
(1758, 54, 1, 61, 31.7, 3),
(1759, 54, 2, 61, 30.7, 2),
(1760, 54, 1, 61, 39.5, 4),
(1761, 54, 2, 61, 21.1, 3),
(1762, 54, 1, 61, 1.4, 5),
(1763, 54, 2, 61, 38.8, 4),
(1764, 54, 2, 61, 1.3, 5),
(1765, 54, 1, 61, 0.3, 6),
(1766, 54, 1, 61, 2.3, 7),
(1767, 54, 2, 61, 1.3, 6),
(1768, 54, 2, 61, 2, 7),
(1769, 54, 1, 61, 1.3, 8),
(1770, 54, 2, 61, 0.9, 8),
(1771, 54, 1, 62, NULL, 1),
(1772, 54, 1, 62, 21.4, 2),
(1773, 54, 1, 62, 14.8, 3),
(1774, 54, 1, 62, 57.4, 4),
(1775, 54, 1, 62, 1.6, 5),
(1776, 54, 1, 62, 0.5, 6),
(1777, 54, 1, 62, 1.2, 7),
(1778, 54, 1, 62, 0.6, 8),
(1779, 54, 2, 62, NULL, 1),
(1780, 54, 2, 62, 35.5, 2),
(1781, 54, 2, 62, 9.2, 3),
(1782, 54, 2, 62, 44.5, 4),
(1783, 54, 2, 62, 2.3, 5),
(1784, 54, 2, 62, 1.5, 6),
(1785, 54, 2, 62, 2.4, 7),
(1786, 54, 2, 62, 0.5, 8),
(1787, 54, 2, 63, NULL, 1),
(1788, 54, 2, 63, 34.8, 2),
(1789, 54, 2, 63, 14.5, 3),
(1790, 54, 2, 63, 42.5, 4),
(1791, 54, 2, 63, 1.4, 5),
(1792, 54, 2, 63, 1.2, 6),
(1793, 54, 2, 63, 1.8, 7),
(1794, 54, 2, 63, 0.4, 8),
(1795, 54, 1, 63, NULL, 1),
(1796, 54, 1, 63, 27, 2),
(1797, 54, 1, 63, 18.3, 3),
(1798, 54, 1, 63, 48.9, 4),
(1799, 54, 1, 63, 1.3, 5),
(1800, 54, 1, 63, 0.6, 6),
(1801, 54, 1, 63, 1.2, 7),
(1802, 54, 1, 63, 0.5, 8),
(1803, 54, 1, 64, NULL, 1),
(1804, 54, 1, 64, 24.4, 2),
(1805, 54, 1, 64, 24.8, 3),
(1806, 54, 1, 64, 43.8, 4),
(1807, 54, 1, 64, 1.8, 5),
(1808, 54, 1, 64, 0.6, 6),
(1809, 54, 1, 64, 1.4, 7),
(1810, 54, 1, 64, 0.5, 8),
(1811, 54, 2, 64, NULL, 1),
(1812, 54, 2, 64, 35.5, 2),
(1813, 54, 2, 64, 21.3, 3),
(1814, 54, 2, 64, 34.6, 4),
(1815, 54, 2, 64, 1.3, 5),
(1816, 54, 2, 64, 1.4, 6),
(1817, 54, 2, 64, 2.1, 7),
(1818, 54, 2, 64, 0.4, 8),
(1819, 54, 1, 65, NULL, 1),
(1820, 54, 1, 65, 9.1, 2),
(1821, 54, 1, 65, 29.3, 3),
(1822, 54, 1, 65, 55.4, 4),
(1823, 54, 1, 65, 1.5, 5),
(1824, 54, 1, 65, 0.2, 6),
(1825, 54, 1, 65, 0.6, 7),
(1826, 54, 1, 65, 0.6, 8),
(1827, 54, 2, 65, NULL, 1),
(1828, 54, 2, 65, 23.3, 2),
(1829, 54, 2, 65, 24.7, 3),
(1830, 54, 2, 65, 43, 4),
(1831, 54, 2, 65, 0.9, 5),
(1832, 54, 2, 65, 0.7, 6),
(1833, 54, 2, 65, 1.8, 7),
(1834, 54, 2, 65, 0.5, 8),
(1835, 54, 2, 66, NULL, 1),
(1836, 54, 2, 66, 27.5, 2),
(1837, 54, 2, 66, 24.5, 3),
(1838, 54, 2, 66, 39.9, 4),
(1839, 54, 2, 66, 0.9, 5),
(1840, 54, 2, 66, 1.3, 6),
(1841, 54, 2, 66, 2.3, 7),
(1842, 54, 2, 66, 0.3, 8),
(1843, 54, 1, 66, NULL, 1),
(1844, 54, 1, 66, 12.5, 2),
(1845, 54, 1, 66, 23, 3),
(1846, 54, 1, 66, 59.6, 4),
(1847, 54, 1, 66, 1.1, 5),
(1848, 54, 1, 66, 0.6, 6),
(1849, 54, 1, 66, 1, 7),
(1850, 54, 1, 66, 0.4, 8),
(1851, 54, 1, 67, NULL, 1),
(1852, 54, 1, 67, 10.9, 2),
(1853, 54, 1, 67, 23.1, 3),
(1854, 54, 1, 67, 61.1, 4),
(1855, 54, 1, 67, 1.2, 5),
(1856, 54, 1, 67, 0.3, 6),
(1857, 54, 1, 67, 0.8, 7),
(1858, 54, 1, 67, 0.5, 8),
(1859, 54, 2, 67, NULL, 1),
(1860, 54, 2, 67, 26.2, 2),
(1861, 54, 2, 67, 18.8, 3),
(1862, 54, 2, 67, 46.7, 4),
(1863, 54, 2, 67, 0.9, 5),
(1864, 54, 2, 67, 1.1, 6),
(1865, 54, 2, 67, 2, 7),
(1866, 54, 2, 67, 0.4, 8),
(1867, 54, 1, 68, NULL, 1),
(1868, 54, 2, 68, NULL, 1),
(1869, 54, 1, 68, 13.1, 2),
(1870, 54, 2, 68, 29.4, 2),
(1871, 54, 1, 68, 18.4, 3),
(1872, 54, 2, 68, 15.2, 3),
(1873, 54, 1, 68, 62.4, 4),
(1874, 54, 1, 68, 1.6, 5),
(1875, 54, 2, 68, 45.6, 4),
(1876, 54, 1, 68, 0.5, 6),
(1877, 54, 2, 68, 1.4, 5),
(1878, 54, 1, 68, 0.8, 7),
(1879, 54, 1, 68, 0.5, 8),
(1880, 54, 2, 68, 1.6, 6),
(1881, 54, 2, 68, 2, 7),
(1882, 54, 2, 68, 0.5, 8),
(1883, 54, 1, 69, NULL, 1),
(1884, 54, 2, 69, NULL, 1),
(1885, 54, 2, 69, 36.6, 2),
(1886, 54, 1, 69, 25.2, 2),
(1887, 54, 2, 69, 17.3, 3),
(1888, 54, 2, 69, 36.4, 4),
(1889, 54, 1, 69, 19.2, 3),
(1890, 54, 2, 69, 1.8, 5),
(1891, 54, 1, 69, 48.4, 4),
(1892, 54, 2, 69, 1.2, 6),
(1893, 54, 1, 69, 2.3, 5),
(1894, 54, 2, 69, 2, 7),
(1895, 54, 1, 69, 0.6, 6),
(1896, 54, 2, 69, 0.4, 8),
(1897, 54, 1, 69, 1.2, 7),
(1898, 54, 1, 69, 0.5, 8),
(1899, 54, 1, 7, NULL, 1),
(1900, 54, 2, 7, NULL, 1),
(1901, 54, 1, 7, 13.9, 2),
(1902, 54, 2, 7, 28.4, 2),
(1903, 54, 1, 7, 17.3, 3),
(1904, 54, 1, 7, 64.8, 4),
(1905, 54, 2, 7, 17.3, 3),
(1906, 54, 1, 7, 1, 5),
(1907, 54, 2, 7, 46.8, 4),
(1908, 54, 1, 7, 0.4, 6),
(1909, 54, 2, 7, 1.4, 5),
(1910, 54, 2, 7, 0.8, 6),
(1911, 54, 1, 7, 0.6, 7),
(1912, 54, 2, 7, 2.2, 7),
(1913, 54, 1, 7, 0.2, 8),
(1914, 54, 2, 7, 0.2, 8),
(1915, 54, 1, 70, NULL, 1),
(1916, 54, 1, 70, 16.9, 2),
(1917, 54, 1, 70, 24.9, 3),
(1918, 54, 1, 70, 51.3, 4),
(1919, 54, 1, 70, 1.5, 5),
(1920, 54, 1, 70, 0.5, 6),
(1921, 54, 2, 70, NULL, 1),
(1922, 54, 1, 70, 1.4, 7),
(1923, 54, 2, 70, 34.7, 2),
(1924, 54, 1, 70, 0.8, 8),
(1925, 54, 2, 70, 13.8, 3),
(1926, 54, 2, 70, 40.7, 4),
(1927, 54, 2, 70, 2.2, 5),
(1928, 54, 2, 70, 1.6, 6),
(1929, 54, 2, 70, 2.4, 7),
(1930, 54, 2, 70, 0.7, 8),
(1931, 54, 1, 71, NULL, 1),
(1932, 54, 1, 71, 17.9, 2),
(1933, 54, 1, 71, 15.5, 3),
(1934, 54, 1, 71, 59.7, 4),
(1935, 54, 1, 71, 1.7, 5),
(1936, 54, 1, 71, 0.7, 6),
(1937, 54, 1, 71, 1.7, 7),
(1938, 54, 1, 71, 0.6, 8),
(1939, 54, 2, 71, NULL, 1),
(1940, 54, 2, 71, 35.8, 2),
(1941, 54, 2, 71, 12.9, 3),
(1942, 54, 2, 71, 41.5, 4),
(1943, 54, 2, 71, 2.1, 5),
(1944, 54, 2, 71, 1.4, 6),
(1945, 54, 2, 71, 2.4, 7),
(1946, 54, 2, 71, 0.4, 8),
(1947, 54, 2, 72, NULL, 1),
(1948, 54, 2, 72, 23.8, 2),
(1949, 54, 2, 72, 32.9, 3),
(1950, 54, 2, 72, 36.2, 4),
(1951, 54, 2, 72, 0.7, 5),
(1952, 54, 2, 72, 0.6, 6),
(1953, 54, 2, 72, 1.2, 7),
(1954, 54, 2, 72, 0.8, 8),
(1955, 54, 1, 72, NULL, 1),
(1956, 54, 1, 72, 14.3, 2),
(1957, 54, 1, 72, 37.8, 3),
(1958, 54, 1, 72, 42, 4),
(1959, 54, 1, 72, 0.8, 5),
(1960, 54, 1, 72, 0.2, 6),
(1961, 54, 1, 72, 0.7, 7),
(1962, 54, 1, 72, 1, 8),
(1963, 54, 2, 73, NULL, 1),
(1964, 54, 2, 73, 31.2, 2),
(1965, 54, 2, 73, 23.7, 3),
(1966, 54, 2, 73, 34.7, 4),
(1967, 54, 2, 73, 0.7, 5),
(1968, 54, 2, 73, 0.8, 6),
(1969, 54, 2, 73, 1.8, 7),
(1970, 54, 2, 73, 0.5, 8),
(1971, 54, 1, 73, NULL, 1),
(1972, 54, 1, 73, 16.5, 2),
(1973, 54, 1, 73, 49.6, 3),
(1974, 54, 1, 73, 28.7, 4),
(1975, 54, 1, 73, 0.4, 5),
(1976, 54, 1, 73, 0.5, 6),
(1977, 54, 1, 73, 0.8, 7),
(1978, 54, 1, 73, 1, 8),
(1979, 54, 1, 74, NULL, 1),
(1980, 54, 1, 74, 14.7, 2),
(1981, 54, 1, 74, 46.3, 3),
(1982, 54, 1, 74, 37.2, 4),
(1983, 54, 1, 74, 0.6, 5),
(1984, 54, 1, 74, 0, 6),
(1985, 54, 1, 74, 0, 7),
(1986, 54, 1, 74, 0.9, 8),
(1987, 54, 2, 74, NULL, 1),
(1988, 54, 2, 74, 18, 2),
(1989, 54, 2, 74, 24, 3),
(1990, 54, 2, 74, 46.9, 4),
(1991, 54, 2, 74, 0.2, 5),
(1992, 54, 2, 74, 0.1, 6),
(1993, 54, 2, 74, 3.6, 7),
(1994, 54, 2, 74, 1.2, 8),
(1995, 54, 1, 75, NULL, 1),
(1996, 54, 1, 75, 24.6, 2),
(1997, 54, 1, 75, 41.7, 3),
(1998, 54, 1, 75, 27.2, 4),
(1999, 54, 1, 75, 1.5, 5),
(2000, 54, 1, 75, 1.4, 6),
(2001, 54, 1, 75, 0.9, 7),
(2002, 54, 1, 75, 0.6, 8),
(2003, 54, 2, 75, NULL, 1),
(2004, 54, 2, 75, 28.4, 2),
(2005, 54, 2, 75, 46.4, 3),
(2006, 54, 2, 75, 20.1, 4),
(2007, 54, 2, 75, 0.7, 5),
(2008, 54, 2, 75, 0.7, 6),
(2009, 54, 2, 75, 0.7, 7),
(2010, 54, 2, 75, 0.3, 8),
(2011, 54, 1, 76, NULL, 1),
(2012, 54, 1, 76, 23.3, 2),
(2013, 54, 1, 76, 6.8, 3),
(2014, 54, 1, 76, 35.5, 4),
(2015, 54, 1, 76, 29, 5),
(2016, 54, 1, 76, 0.5, 6),
(2017, 54, 1, 76, 0.5, 7),
(2018, 54, 1, 76, 3, 8),
(2019, 54, 2, 76, NULL, 1),
(2020, 54, 2, 76, 37.8, 2),
(2021, 54, 2, 76, 3.6, 3),
(2022, 54, 2, 76, 40.2, 4),
(2023, 54, 2, 76, 11.6, 5),
(2024, 54, 2, 76, 1.1, 6),
(2025, 54, 2, 76, 1.6, 7),
(2026, 54, 2, 76, 2.5, 8),
(2027, 54, 1, 77, NULL, 1),
(2028, 54, 1, 77, 35.8, 2),
(2029, 54, 1, 77, 4.9, 3),
(2030, 54, 1, 77, 48.3, 4),
(2031, 54, 1, 77, 6.6, 5),
(2032, 54, 1, 77, 0.4, 6),
(2033, 54, 1, 77, 2, 7),
(2034, 54, 1, 77, 0.5, 8),
(2035, 54, 2, 77, NULL, 1),
(2036, 54, 2, 77, 38.7, 2),
(2037, 54, 2, 77, 2.9, 3),
(2038, 54, 2, 77, 49.6, 4),
(2039, 54, 2, 77, 3.6, 5),
(2040, 54, 2, 77, 0.7, 6),
(2041, 54, 2, 77, 2.4, 7),
(2042, 54, 2, 77, 0.3, 8),
(2043, 54, 1, 78, NULL, 1),
(2044, 54, 1, 78, 30.7, 2),
(2045, 54, 1, 78, 10.6, 3),
(2046, 54, 1, 78, 29.1, 4),
(2047, 54, 1, 78, 24.5, 5),
(2048, 54, 1, 78, 1.1, 6),
(2049, 54, 1, 78, 2.3, 7),
(2050, 54, 1, 78, 0.4, 8),
(2051, 54, 2, 78, NULL, 1),
(2052, 54, 2, 78, 42.6, 2),
(2053, 54, 2, 78, 3.4, 3),
(2054, 54, 2, 78, 45.2, 4),
(2055, 54, 2, 78, 4.4, 5),
(2056, 54, 2, 78, 0.5, 6);
INSERT INTO `taux_par_situation` (`id_ts`, `id_a`, `id_g`, `id_m`, `val`, `id_s`) VALUES
(2057, 54, 2, 78, 1.6, 7),
(2058, 54, 2, 78, 0.4, 8),
(2059, 54, 1, 79, NULL, 1),
(2060, 54, 1, 79, 30.3, 2),
(2061, 54, 1, 79, 15.2, 3),
(2062, 54, 1, 79, 35.7, 4),
(2063, 54, 1, 79, 13.2, 5),
(2064, 54, 1, 79, 0.3, 6),
(2065, 54, 1, 79, 3.4, 7),
(2066, 54, 1, 79, 0.3, 8),
(2067, 54, 2, 79, NULL, 1),
(2068, 54, 2, 79, 51.3, 2),
(2069, 54, 2, 79, 3.9, 3),
(2070, 54, 2, 79, 30, 4),
(2071, 54, 2, 79, 12.2, 5),
(2072, 54, 2, 79, 0.1, 6),
(2073, 54, 2, 79, 1, 7),
(2074, 54, 2, 79, 0.1, 8),
(2075, 54, 1, 8, NULL, 1),
(2076, 54, 1, 8, 26.7, 2),
(2077, 54, 1, 8, 29.2, 3),
(2078, 54, 1, 8, 37.8, 4),
(2079, 54, 1, 8, 2.3, 5),
(2080, 54, 1, 8, 0.5, 6),
(2081, 54, 1, 8, 0.8, 7),
(2082, 54, 1, 8, 1, 8),
(2083, 54, 2, 8, NULL, 1),
(2084, 54, 2, 8, 31.9, 2),
(2085, 54, 2, 8, 25.4, 3),
(2086, 54, 2, 8, 36.2, 4),
(2087, 54, 2, 8, 1.6, 5),
(2088, 54, 2, 8, 0.7, 6),
(2089, 54, 2, 8, 0.9, 7),
(2090, 54, 2, 8, 0.5, 8),
(2091, 54, 1, 80, NULL, 1),
(2092, 54, 1, 80, 18.1, 2),
(2093, 54, 1, 80, 7, 3),
(2094, 54, 1, 80, 65.3, 4),
(2095, 54, 1, 80, 5.3, 5),
(2096, 54, 1, 80, 0.5, 6),
(2097, 54, 1, 80, 1.6, 7),
(2098, 54, 1, 80, 0.6, 8),
(2099, 54, 2, 80, NULL, 1),
(2100, 54, 2, 80, 27.3, 2),
(2101, 54, 2, 80, 3.5, 3),
(2102, 54, 2, 80, 58.8, 4),
(2103, 54, 2, 80, 4.5, 5),
(2104, 54, 2, 80, 0.4, 6),
(2105, 54, 2, 80, 2.1, 7),
(2106, 54, 2, 80, 1.2, 8),
(2107, 54, 2, 81, NULL, 1),
(2108, 54, 2, 81, 38.4, 2),
(2109, 54, 2, 81, 3.3, 3),
(2110, 54, 2, 81, 39.1, 4),
(2111, 54, 2, 81, 15.7, 5),
(2112, 54, 2, 81, 0.4, 6),
(2113, 54, 2, 81, 1.4, 7),
(2114, 54, 2, 81, 0.2, 8),
(2115, 54, 1, 81, NULL, 1),
(2116, 54, 1, 81, 13.4, 2),
(2117, 54, 1, 81, 7.5, 3),
(2118, 54, 1, 81, 20.9, 4),
(2119, 54, 1, 81, 56.2, 5),
(2120, 54, 1, 81, 0.1, 6),
(2121, 54, 1, 81, 1, 7),
(2122, 54, 1, 81, 0.2, 8),
(2123, 54, 1, 82, NULL, 1),
(2124, 54, 1, 82, 13.2, 2),
(2125, 54, 1, 82, 3.3, 3),
(2126, 54, 1, 82, 18.6, 4),
(2127, 54, 1, 82, 62, 5),
(2128, 54, 1, 82, 0.3, 6),
(2129, 54, 1, 82, 1.9, 7),
(2130, 54, 1, 82, 0, 8),
(2131, 54, 2, 82, NULL, 1),
(2132, 54, 2, 82, 42.6, 2),
(2133, 54, 2, 82, 3.6, 3),
(2134, 54, 2, 82, 33.2, 4),
(2135, 54, 2, 82, 17.4, 5),
(2136, 54, 2, 82, 0.3, 6),
(2137, 54, 2, 82, 1.6, 7),
(2138, 54, 2, 82, 0.2, 8),
(2139, 54, 2, 83, NULL, 1),
(2140, 54, 2, 83, 44.7, 2),
(2141, 54, 2, 83, 3, 3),
(2142, 54, 2, 83, 32.3, 4),
(2143, 54, 1, 83, NULL, 1),
(2144, 54, 2, 83, 17.4, 5),
(2145, 54, 1, 83, 8.4, 2),
(2146, 54, 2, 83, 0.2, 6),
(2147, 54, 1, 83, 1.9, 3),
(2148, 54, 2, 83, 0.5, 7),
(2149, 54, 1, 83, 6.7, 4),
(2150, 54, 2, 83, 0.4, 8),
(2151, 54, 1, 83, 81.4, 5),
(2152, 54, 1, 83, 0.2, 6),
(2153, 54, 1, 83, 0.2, 7),
(2154, 54, 1, 83, 0.3, 8),
(2155, 54, 1, 84, NULL, 1),
(2156, 54, 2, 84, NULL, 1),
(2157, 54, 1, 84, 23.2, 2),
(2158, 54, 2, 84, 33.6, 2),
(2159, 54, 1, 84, 3.9, 3),
(2160, 54, 2, 84, 3, 3),
(2161, 54, 1, 84, 65.7, 4),
(2162, 54, 2, 84, 53.5, 4),
(2163, 54, 1, 84, 2.7, 5),
(2164, 54, 2, 84, 3.3, 5),
(2165, 54, 1, 84, 0.8, 6),
(2166, 54, 2, 84, 1.8, 6),
(2167, 54, 1, 84, 1.2, 7),
(2168, 54, 2, 84, 1.8, 7),
(2169, 54, 1, 84, 0.7, 8),
(2170, 54, 2, 84, 0.7, 8),
(2171, 54, 1, 85, NULL, 1),
(2172, 54, 1, 85, 27.7, 2),
(2173, 54, 1, 85, 5.3, 3),
(2174, 54, 1, 85, 27.3, 4),
(2175, 54, 1, 85, 37.8, 5),
(2176, 54, 1, 85, 0.4, 6),
(2177, 54, 1, 85, 0.5, 7),
(2178, 54, 1, 85, 0.6, 8),
(2179, 54, 2, 85, NULL, 1),
(2180, 54, 2, 85, 37.5, 2),
(2181, 54, 2, 85, 2.6, 3),
(2182, 54, 2, 85, 51.3, 4),
(2183, 54, 2, 85, 5.1, 5),
(2184, 54, 2, 85, 0.8, 6),
(2185, 54, 2, 85, 1.2, 7),
(2186, 54, 2, 85, 0.4, 8),
(2187, 54, 2, 86, NULL, 1),
(2188, 54, 2, 86, 29.3, 2),
(2189, 54, 2, 86, 2.5, 3),
(2190, 54, 2, 86, 61.5, 4),
(2191, 54, 2, 86, 2.6, 5),
(2192, 54, 2, 86, 0.8, 6),
(2193, 54, 2, 86, 1.1, 7),
(2194, 54, 2, 86, 0.7, 8),
(2195, 54, 1, 86, NULL, 1),
(2196, 54, 1, 86, 24.4, 2),
(2197, 54, 1, 86, 3.2, 3),
(2198, 54, 1, 86, 41, 4),
(2199, 54, 1, 86, 24.8, 5),
(2200, 54, 1, 86, 0.6, 6),
(2201, 54, 1, 86, 4.8, 7),
(2202, 54, 1, 86, 0.3, 8),
(2203, 54, 2, 87, NULL, 1),
(2204, 54, 2, 87, 42.6, 2),
(2205, 54, 2, 87, 2.4, 3),
(2206, 54, 2, 87, 37.8, 4),
(2207, 54, 2, 87, 12.6, 5),
(2208, 54, 2, 87, 1.1, 6),
(2209, 54, 2, 87, 1.6, 7),
(2210, 54, 2, 87, 0.6, 8),
(2211, 54, 1, 87, NULL, 1),
(2212, 54, 1, 87, 21, 2),
(2213, 54, 1, 87, 3.3, 3),
(2214, 54, 1, 87, 32.3, 4),
(2215, 54, 1, 87, 40, 5),
(2216, 54, 1, 87, 0.7, 6),
(2217, 54, 1, 87, 1.2, 7),
(2218, 54, 1, 87, 0.6, 8),
(2219, 54, 1, 88, NULL, 1),
(2220, 54, 2, 88, NULL, 1),
(2221, 54, 2, 88, 46.7, 2),
(2222, 54, 1, 88, 19.8, 2),
(2223, 54, 2, 88, 2.9, 3),
(2224, 54, 2, 88, 36.7, 4),
(2225, 54, 1, 88, 3.8, 3),
(2226, 54, 1, 88, 16.3, 4),
(2227, 54, 2, 88, 9.9, 5),
(2228, 54, 1, 88, 55.5, 5),
(2229, 54, 2, 88, 0.7, 6),
(2230, 54, 1, 88, 0.2, 6),
(2231, 54, 2, 88, 1.7, 7),
(2232, 54, 1, 88, 3.4, 7),
(2233, 54, 2, 88, 0.4, 8),
(2234, 54, 1, 88, 0.3, 8),
(2235, 54, 1, 89, NULL, 1),
(2236, 54, 1, 89, 18.3, 2),
(2237, 54, 1, 89, 5.8, 3),
(2238, 54, 1, 89, 29.8, 4),
(2239, 54, 1, 89, 43.5, 5),
(2240, 54, 1, 89, 0.3, 6),
(2241, 54, 1, 89, 1.7, 7),
(2242, 54, 2, 89, NULL, 1),
(2243, 54, 1, 89, 0.2, 8),
(2244, 54, 2, 89, 44.3, 2),
(2245, 54, 2, 89, 2.9, 3),
(2246, 54, 2, 89, 36.2, 4),
(2247, 54, 2, 89, 12.1, 5),
(2248, 54, 2, 89, 0.9, 6),
(2249, 54, 2, 89, 1.8, 7),
(2250, 54, 2, 89, 0.6, 8),
(2251, 54, 1, 9, NULL, 1),
(2252, 54, 2, 9, NULL, 1),
(2253, 54, 1, 9, 13.5, 2),
(2254, 54, 2, 9, 28.3, 2),
(2255, 54, 1, 9, 15.7, 3),
(2256, 54, 2, 9, 11.9, 3),
(2257, 54, 1, 9, 65.2, 4),
(2258, 54, 2, 9, 49.6, 4),
(2259, 54, 1, 9, 1, 5),
(2260, 54, 2, 9, 1, 5),
(2261, 54, 1, 9, 0.6, 6),
(2262, 54, 2, 9, 1.6, 6),
(2263, 54, 1, 9, 0.9, 7),
(2264, 54, 2, 9, 2.3, 7),
(2265, 54, 1, 9, 0.6, 8),
(2266, 54, 2, 9, 0.4, 8),
(2267, 54, 1, 90, NULL, 1),
(2268, 54, 1, 90, 23.8, 2),
(2269, 54, 1, 90, 1.7, 3),
(2270, 54, 1, 90, 19.9, 4),
(2271, 54, 1, 90, 52.3, 5),
(2272, 54, 1, 90, 0.4, 6),
(2273, 54, 1, 90, 1.1, 7),
(2274, 54, 1, 90, 0.2, 8),
(2275, 54, 2, 90, NULL, 1),
(2276, 54, 2, 90, 45.4, 2),
(2277, 54, 2, 90, 2, 3),
(2278, 54, 2, 90, 38, 4),
(2279, 54, 2, 90, 9.6, 5),
(2280, 54, 2, 90, 1.2, 6),
(2281, 54, 2, 90, 2, 7),
(2282, 54, 2, 90, 0.4, 8),
(2283, 54, 1, 91, NULL, 1),
(2284, 54, 1, 91, 14.5, 2),
(2285, 54, 1, 91, 1.2, 3),
(2286, 54, 1, 91, 22.2, 4),
(2287, 54, 1, 91, 59.9, 5),
(2288, 54, 1, 91, 0.2, 6),
(2289, 54, 1, 91, 0.7, 7),
(2290, 54, 1, 91, 0.5, 8),
(2291, 54, 2, 91, NULL, 1),
(2292, 54, 2, 91, 49.3, 2),
(2293, 54, 2, 91, 1.8, 3),
(2294, 54, 2, 91, 34.9, 4),
(2295, 54, 2, 91, 10.4, 5),
(2296, 54, 2, 91, 0.9, 6),
(2297, 54, 2, 91, 1.2, 7),
(2298, 54, 2, 91, 0.4, 8),
(2299, 54, 1, 92, NULL, 1),
(2300, 54, 1, 92, 34.9, 2),
(2301, 54, 1, 92, 6, 3),
(2302, 54, 1, 92, 19.9, 4),
(2303, 54, 1, 92, 36.2, 5),
(2304, 54, 1, 92, 0.4, 6),
(2305, 54, 1, 92, 1.2, 7),
(2306, 54, 1, 92, 0.6, 8),
(2307, 54, 2, 92, NULL, 1),
(2308, 54, 2, 92, 31.1, 2),
(2309, 54, 2, 92, 7.1, 3),
(2310, 54, 2, 92, 54.1, 4),
(2311, 54, 2, 92, 3.9, 5),
(2312, 54, 2, 92, 0.9, 6),
(2313, 54, 2, 92, 0.8, 7),
(2314, 54, 2, 92, 0.9, 8),
(2315, 54, 1, 93, NULL, 1),
(2316, 54, 2, 93, NULL, 1),
(2317, 54, 2, 93, 36.6, 2),
(2318, 54, 1, 93, 49.2, 2),
(2319, 54, 2, 93, 5, 3),
(2320, 54, 1, 93, 2.4, 3),
(2321, 54, 2, 93, 50.5, 4),
(2322, 54, 1, 93, 8.7, 4),
(2323, 54, 2, 93, 4.4, 5),
(2324, 54, 1, 93, 37.2, 5),
(2325, 54, 2, 93, 1.3, 6),
(2326, 54, 2, 93, 0.6, 7),
(2327, 54, 1, 93, 0.6, 6),
(2328, 54, 2, 93, 0.4, 8),
(2329, 54, 1, 93, 1.2, 7),
(2330, 54, 1, 93, 0.3, 8),
(2331, 54, 2, 94, NULL, 1),
(2332, 54, 2, 94, 37.6, 2),
(2333, 54, 2, 94, 2.9, 3),
(2334, 54, 2, 94, 43.1, 4),
(2335, 54, 2, 94, 13.7, 5),
(2336, 54, 2, 94, 0.2, 6),
(2337, 54, 2, 94, 0.9, 7),
(2338, 54, 2, 94, 0.7, 8),
(2339, 54, 1, 94, NULL, 1),
(2340, 54, 1, 94, 14.5, 2),
(2341, 54, 1, 94, 4.3, 3),
(2342, 54, 1, 94, 27.3, 4),
(2343, 54, 1, 94, 52.7, 5),
(2344, 54, 1, 94, 0.1, 6),
(2345, 54, 1, 94, 0.2, 7),
(2346, 54, 1, 94, 0.3, 8),
(2347, 54, 2, 95, NULL, 1),
(2348, 54, 2, 95, 27, 2),
(2349, 54, 2, 95, 5.4, 3),
(2350, 54, 2, 95, 59.8, 4),
(2351, 54, 2, 95, 4.6, 5),
(2352, 54, 2, 95, 0.7, 6),
(2353, 54, 2, 95, 0.7, 7),
(2354, 54, 2, 95, 0.4, 8),
(2355, 54, 1, 95, NULL, 1),
(2356, 54, 1, 95, 19.5, 2),
(2357, 54, 1, 95, 6.9, 3),
(2358, 54, 1, 95, 17.4, 4),
(2359, 54, 1, 95, 52.3, 5),
(2360, 54, 1, 95, 0.7, 6),
(2361, 54, 1, 95, 2.1, 7),
(2362, 54, 1, 95, 0.1, 8),
(2363, 54, 2, 96, NULL, 1),
(2364, 54, 2, 96, 31.9, 2),
(2365, 54, 2, 96, 6.1, 3),
(2366, 54, 2, 96, 51, 4),
(2367, 54, 2, 96, 7.1, 5),
(2368, 54, 2, 96, 1.2, 6),
(2369, 54, 2, 96, 0.9, 7),
(2370, 54, 2, 96, 0.6, 8),
(2371, 54, 1, 96, NULL, 1),
(2372, 54, 1, 96, 12.7, 2),
(2373, 54, 1, 96, 7.7, 3),
(2374, 54, 1, 96, 20.9, 4),
(2375, 54, 1, 96, 53.8, 5),
(2376, 54, 1, 96, 0.9, 6),
(2377, 54, 1, 96, 2.2, 7),
(2378, 54, 1, 96, 0.5, 8),
(2379, 54, 2, 97, NULL, 1),
(2380, 54, 1, 97, NULL, 1),
(2381, 54, 1, 97, 34.3, 2),
(2382, 54, 2, 97, 31.4, 2),
(2383, 54, 1, 97, 5.8, 3),
(2384, 54, 2, 97, 3.1, 3),
(2385, 54, 2, 97, 45.1, 4),
(2386, 54, 1, 97, 53, 4),
(2387, 54, 1, 97, 5.1, 5),
(2388, 54, 2, 97, 12.7, 5),
(2389, 54, 2, 97, 1.7, 6),
(2390, 54, 1, 97, 0.2, 6),
(2391, 54, 2, 97, 2.3, 7),
(2392, 54, 1, 97, 0, 7),
(2393, 54, 1, 97, 0.2, 8),
(2394, 54, 2, 97, 0.3, 8),
(2395, 54, 2, 98, NULL, 1),
(2396, 54, 2, 98, 31.2, 2),
(2397, 54, 2, 98, 2.8, 3),
(2398, 54, 2, 98, 49.4, 4),
(2399, 54, 2, 98, 12.9, 5),
(2400, 54, 2, 98, 0.5, 6),
(2401, 54, 2, 98, 1.2, 7),
(2402, 54, 2, 98, 0.3, 8),
(2403, 54, 1, 98, NULL, 1),
(2404, 54, 1, 98, 21.8, 2),
(2405, 54, 1, 98, 3.5, 3),
(2406, 54, 1, 98, 54.9, 4),
(2407, 54, 1, 98, 16.4, 5),
(2408, 54, 1, 98, 0.2, 6),
(2409, 54, 1, 98, 0.7, 7),
(2410, 54, 1, 98, 0.6, 8),
(2411, 54, 1, 99, NULL, 1),
(2412, 54, 1, 99, 10.7, 2),
(2413, 54, 1, 99, 2, 3),
(2414, 54, 1, 99, 65.3, 4),
(2415, 54, 1, 99, 19.5, 5),
(2416, 54, 1, 99, 0.3, 6),
(2417, 54, 1, 99, 0.9, 7),
(2418, 54, 1, 99, 0.5, 8),
(2419, 54, 2, 99, NULL, 1),
(2420, 54, 2, 99, 22.3, 2),
(2421, 54, 2, 99, 2, 3),
(2422, 54, 2, 99, 60.8, 4),
(2423, 54, 2, 99, 9.7, 5),
(2424, 54, 2, 99, 0.3, 6),
(2425, 54, 2, 99, 2.6, 7),
(2426, 54, 2, 99, 0.6, 8);

--
-- Index pour les tables déchargées
--

--
-- Index pour la table `annee`
--
ALTER TABLE `annee`
  ADD PRIMARY KEY (`id_a`),
  ADD UNIQUE KEY `unq_annee_annee` (`annee`);

--
-- Index pour la table `capacites_hespo`
--
ALTER TABLE `capacites_hespo`
  ADD PRIMARY KEY (`id_cap`),
  ADD KEY `fk_capacites_hespo_annee` (`id_a`);

--
-- Index pour la table `demography`
--
ALTER TABLE `demography`
  ADD PRIMARY KEY (`id_d`),
  ADD KEY `fk_demography_demography` (`id_a`),
  ADD KEY `fk_demography_gender` (`id_g`),
  ADD KEY `fk_demography_milieu` (`id_m`);

--
-- Index pour la table `etat_activite`
--
ALTER TABLE `etat_activite`
  ADD PRIMARY KEY (`id_ea`);

--
-- Index pour la table `genre`
--
ALTER TABLE `genre`
  ADD PRIMARY KEY (`id_g`);

--
-- Index pour la table `langue`
--
ALTER TABLE `langue`
  ADD PRIMARY KEY (`id_l`);

--
-- Index pour la table `milieu`
--
ALTER TABLE `milieu`
  ADD PRIMARY KEY (`id_m`),
  ADD KEY `fk_milieu_province` (`id_p`);

--
-- Index pour la table `nbr_sante`
--
ALTER TABLE `nbr_sante`
  ADD PRIMARY KEY (`id_ns`),
  ADD KEY `fk_nbr_sante_annee` (`id_a`);

--
-- Index pour la table `niveau`
--
ALTER TABLE `niveau`
  ADD PRIMARY KEY (`id_n`);

--
-- Index pour la table `population_active`
--
ALTER TABLE `population_active`
  ADD PRIMARY KEY (`id_pa`),
  ADD KEY `fk_taux_chomage_milieu` (`id_m`),
  ADD KEY `fk_taux_chomage_gender` (`id_g`),
  ADD KEY `fk_taux_chomage_annee` (`id_a`);

--
-- Index pour la table `province`
--
ALTER TABLE `province`
  ADD PRIMARY KEY (`id_p`),
  ADD KEY `fk_province_region` (`id_r`);

--
-- Index pour la table `region`
--
ALTER TABLE `region`
  ADD PRIMARY KEY (`id_r`);

--
-- Index pour la table `situation`
--
ALTER TABLE `situation`
  ADD PRIMARY KEY (`id_s`);

--
-- Index pour la table `taux_danalphabetisme`
--
ALTER TABLE `taux_danalphabetisme`
  ADD PRIMARY KEY (`id_tda`),
  ADD KEY `fk_taux_danalphabetisme_annee` (`id_a`),
  ADD KEY `fk_taux_danalphabetisme_gender` (`id_g`),
  ADD KEY `fk_taux_danalphabetisme_milieu` (`id_m`);

--
-- Index pour la table `taux_emploii`
--
ALTER TABLE `taux_emploii`
  ADD PRIMARY KEY (`id_te`),
  ADD KEY `fk_taux_activites_annee` (`id_a`),
  ADD KEY `fk_taux_activites_region` (`id_g`);

--
-- Index pour la table `taux_langue_parle`
--
ALTER TABLE `taux_langue_parle`
  ADD PRIMARY KEY (`id_tlp`),
  ADD KEY `fk_langue_parle_langue` (`id_l`),
  ADD KEY `fk_taux_langue_parle_annee` (`id_a`),
  ADD KEY `fk_taux_langue_parle_gender` (`id_g`),
  ADD KEY `fk_taux_langue_parle_milieu` (`id_m`);

--
-- Index pour la table `taux_niveau_etude`
--
ALTER TABLE `taux_niveau_etude`
  ADD PRIMARY KEY (`id_tn`),
  ADD KEY `fk_taux_niveau_etude_gender` (`id_g`),
  ADD KEY `fk_taux_niveau_etude_milieu` (`id_m`),
  ADD KEY `fk_taux_niveau_etude_annee` (`id_a`),
  ADD KEY `fk_taux_niveau_etude_niveau` (`id_n`);

--
-- Index pour la table `taux_par_situation`
--
ALTER TABLE `taux_par_situation`
  ADD PRIMARY KEY (`id_ts`),
  ADD KEY `fk_taux_par_situation_annee` (`id_a`),
  ADD KEY `fk_taux_par_situation_gender` (`id_g`),
  ADD KEY `fk_taux_par_situation_milieu` (`id_m`),
  ADD KEY `fk_taux_par_situation` (`id_s`);

--
-- AUTO_INCREMENT pour les tables déchargées
--

--
-- AUTO_INCREMENT pour la table `capacites_hespo`
--
ALTER TABLE `capacites_hespo`
  MODIFY `id_cap` int(11) NOT NULL AUTO_INCREMENT, AUTO_INCREMENT=157;

--
-- AUTO_INCREMENT pour la table `demography`
--
ALTER TABLE `demography`
  MODIFY `id_d` int(11) NOT NULL AUTO_INCREMENT, AUTO_INCREMENT=295;

--
-- AUTO_INCREMENT pour la table `nbr_sante`
--
ALTER TABLE `nbr_sante`
  MODIFY `id_ns` float NOT NULL AUTO_INCREMENT, AUTO_INCREMENT=53;

--
-- AUTO_INCREMENT pour la table `population_active`
--
ALTER TABLE `population_active`
  MODIFY `id_pa` int(11) NOT NULL AUTO_INCREMENT, AUTO_INCREMENT=629;

--
-- AUTO_INCREMENT pour la table `taux_danalphabetisme`
--
ALTER TABLE `taux_danalphabetisme`
  MODIFY `id_tda` int(11) NOT NULL AUTO_INCREMENT, AUTO_INCREMENT=2358;

--
-- AUTO_INCREMENT pour la table `taux_emploii`
--
ALTER TABLE `taux_emploii`
  MODIFY `id_te` int(14) NOT NULL AUTO_INCREMENT, AUTO_INCREMENT=318;

--
-- AUTO_INCREMENT pour la table `taux_langue_parle`
--
ALTER TABLE `taux_langue_parle`
  MODIFY `id_tlp` int(11) NOT NULL AUTO_INCREMENT, AUTO_INCREMENT=9439;

--
-- AUTO_INCREMENT pour la table `taux_niveau_etude`
--
ALTER TABLE `taux_niveau_etude`
  MODIFY `id_tn` int(11) NOT NULL AUTO_INCREMENT, AUTO_INCREMENT=15955;

--
-- AUTO_INCREMENT pour la table `taux_par_situation`
--
ALTER TABLE `taux_par_situation`
  MODIFY `id_ts` int(11) NOT NULL AUTO_INCREMENT, AUTO_INCREMENT=2427;

--
-- Contraintes pour les tables déchargées
--

--
-- Contraintes pour la table `capacites_hespo`
--
ALTER TABLE `capacites_hespo`
  ADD CONSTRAINT `fk_capacites_hespo_annee` FOREIGN KEY (`id_a`) REFERENCES `annee` (`id_a`) ON DELETE NO ACTION ON UPDATE NO ACTION;

--
-- Contraintes pour la table `demography`
--
ALTER TABLE `demography`
  ADD CONSTRAINT `fk_demography_demography` FOREIGN KEY (`id_a`) REFERENCES `annee` (`id_a`) ON DELETE NO ACTION ON UPDATE NO ACTION,
  ADD CONSTRAINT `fk_demography_gender` FOREIGN KEY (`id_g`) REFERENCES `genre` (`id_g`) ON DELETE NO ACTION ON UPDATE NO ACTION,
  ADD CONSTRAINT `fk_demography_milieu` FOREIGN KEY (`id_m`) REFERENCES `milieu` (`id_m`) ON DELETE NO ACTION ON UPDATE NO ACTION;

--
-- Contraintes pour la table `milieu`
--
ALTER TABLE `milieu`
  ADD CONSTRAINT `fk_milieu_province` FOREIGN KEY (`id_p`) REFERENCES `province` (`id_p`) ON DELETE NO ACTION ON UPDATE NO ACTION;

--
-- Contraintes pour la table `nbr_sante`
--
ALTER TABLE `nbr_sante`
  ADD CONSTRAINT `fk_nbr_sante_annee` FOREIGN KEY (`id_a`) REFERENCES `annee` (`id_a`) ON DELETE NO ACTION ON UPDATE NO ACTION;

--
-- Contraintes pour la table `population_active`
--
ALTER TABLE `population_active`
  ADD CONSTRAINT `fk_taux_chomage_annee` FOREIGN KEY (`id_a`) REFERENCES `annee` (`id_a`) ON DELETE NO ACTION ON UPDATE NO ACTION,
  ADD CONSTRAINT `fk_taux_chomage_gender` FOREIGN KEY (`id_g`) REFERENCES `genre` (`id_g`) ON DELETE NO ACTION ON UPDATE NO ACTION,
  ADD CONSTRAINT `fk_taux_chomage_milieu` FOREIGN KEY (`id_m`) REFERENCES `milieu` (`id_m`) ON DELETE NO ACTION ON UPDATE NO ACTION;

--
-- Contraintes pour la table `province`
--
ALTER TABLE `province`
  ADD CONSTRAINT `fk_province_region` FOREIGN KEY (`id_r`) REFERENCES `region` (`id_r`) ON DELETE NO ACTION ON UPDATE NO ACTION;

--
-- Contraintes pour la table `taux_danalphabetisme`
--
ALTER TABLE `taux_danalphabetisme`
  ADD CONSTRAINT `fk_taux_danalphabetisme_annee` FOREIGN KEY (`id_a`) REFERENCES `annee` (`id_a`) ON DELETE NO ACTION ON UPDATE NO ACTION,
  ADD CONSTRAINT `fk_taux_danalphabetisme_gender` FOREIGN KEY (`id_g`) REFERENCES `genre` (`id_g`) ON DELETE NO ACTION ON UPDATE NO ACTION,
  ADD CONSTRAINT `fk_taux_danalphabetisme_milieu` FOREIGN KEY (`id_m`) REFERENCES `milieu` (`id_m`) ON DELETE NO ACTION ON UPDATE NO ACTION;

--
-- Contraintes pour la table `taux_emploii`
--
ALTER TABLE `taux_emploii`
  ADD CONSTRAINT `fk_taux_activites_annee` FOREIGN KEY (`id_a`) REFERENCES `annee` (`id_a`) ON DELETE NO ACTION ON UPDATE NO ACTION,
  ADD CONSTRAINT `fk_taux_activites_region` FOREIGN KEY (`id_g`) REFERENCES `genre` (`id_g`) ON DELETE NO ACTION ON UPDATE NO ACTION;

--
-- Contraintes pour la table `taux_langue_parle`
--
ALTER TABLE `taux_langue_parle`
  ADD CONSTRAINT `fk_langue_parle_langue` FOREIGN KEY (`id_l`) REFERENCES `langue` (`id_l`) ON DELETE NO ACTION ON UPDATE NO ACTION,
  ADD CONSTRAINT `fk_taux_langue_parle_annee` FOREIGN KEY (`id_a`) REFERENCES `annee` (`id_a`) ON DELETE NO ACTION ON UPDATE NO ACTION,
  ADD CONSTRAINT `fk_taux_langue_parle_gender` FOREIGN KEY (`id_g`) REFERENCES `genre` (`id_g`) ON DELETE NO ACTION ON UPDATE NO ACTION,
  ADD CONSTRAINT `fk_taux_langue_parle_milieu` FOREIGN KEY (`id_m`) REFERENCES `milieu` (`id_m`) ON DELETE NO ACTION ON UPDATE NO ACTION;

--
-- Contraintes pour la table `taux_niveau_etude`
--
ALTER TABLE `taux_niveau_etude`
  ADD CONSTRAINT `fk_taux_niveau_etude_annee` FOREIGN KEY (`id_a`) REFERENCES `annee` (`id_a`) ON DELETE NO ACTION ON UPDATE NO ACTION,
  ADD CONSTRAINT `fk_taux_niveau_etude_gender` FOREIGN KEY (`id_g`) REFERENCES `genre` (`id_g`) ON DELETE NO ACTION ON UPDATE NO ACTION,
  ADD CONSTRAINT `fk_taux_niveau_etude_milieu` FOREIGN KEY (`id_m`) REFERENCES `milieu` (`id_m`) ON DELETE NO ACTION ON UPDATE NO ACTION,
  ADD CONSTRAINT `fk_taux_niveau_etude_niveau` FOREIGN KEY (`id_n`) REFERENCES `niveau` (`id_n`) ON DELETE NO ACTION ON UPDATE NO ACTION;

--
-- Contraintes pour la table `taux_par_situation`
--
ALTER TABLE `taux_par_situation`
  ADD CONSTRAINT `fk_taux_par_situation` FOREIGN KEY (`id_s`) REFERENCES `situation` (`id_s`) ON DELETE NO ACTION ON UPDATE NO ACTION,
  ADD CONSTRAINT `fk_taux_par_situation_annee` FOREIGN KEY (`id_a`) REFERENCES `annee` (`id_a`) ON DELETE NO ACTION ON UPDATE NO ACTION,
  ADD CONSTRAINT `fk_taux_par_situation_gender` FOREIGN KEY (`id_g`) REFERENCES `genre` (`id_g`) ON DELETE NO ACTION ON UPDATE NO ACTION,
  ADD CONSTRAINT `fk_taux_par_situation_milieu` FOREIGN KEY (`id_m`) REFERENCES `milieu` (`id_m`) ON DELETE NO ACTION ON UPDATE NO ACTION;
COMMIT;

/*!40101 SET CHARACTER_SET_CLIENT=@OLD_CHARACTER_SET_CLIENT */;
/*!40101 SET CHARACTER_SET_RESULTS=@OLD_CHARACTER_SET_RESULTS */;
/*!40101 SET COLLATION_CONNECTION=@OLD_COLLATION_CONNECTION */;
